kll|genki|state|jlpt|type|writing|reading|english|swedish
|||n2|adverb|相変わらず|あいかわらず|as ever,as usual,the same|som vanligt,som alltid
|||n2|noun|アイデア,アイディア|アイデア,アイディア|idea|idé
||hidden|n2|other|あいまい|あいまい|vague,ambiguous
||hidden|n2|other|遭う|あう|to meet,to encounter (undesirable nuance)
||hidden|n2|other|扇ぐ|あおぐ|to fan,to flap
||hidden|n2|other|青白い|あおじろい|pale,pallid
||hidden|n2|other|あかんぼう|あかんぼう|baby
||hidden|n2|other|明き|あき|room,time to spare,emptiness
||hidden|n2|other|あきれる|あきれる|to be amazed,to be shocked
||hidden|n2|other|アクセント|アクセント|accent
||hidden|n2|other|あくび|あくび|yawn
||hidden|n2|other|飽くまで|あくまで|to the end,to the last,stubbornly
||hidden|n2|other|明け方|あけがた|dawn
||hidden|n2|other|揚げる|あげる|to lift,to fry
||hidden|n2|other|挙げる|あげる|to raise,to fly
||hidden|n2|other|あげる|あげる (=やる)|to do for
||hidden|n2|other|憧れる|あこがれる|to long for,to yearn after,to admire
||hidden|n2|other|足跡|あしあと|footprints
||hidden|n2|other|味わう|あじわう|to taste,to savor,to relish
||hidden|n2|other|預かる|あずかる|to keep in custody,to receive on deposit,to take charge of
||hidden|n2|other|暖まる|あたたまる|to warm up,to get warm
||hidden|n2|other|暖める|あたためる|to warm,to heat
||hidden|n2|other|あたりまえ|あたりまえ|usual,common,ordinary
||hidden|n2|other|あひら|あひら|
||hidden|n2|other|あちらこちら|あちらこちら|here and there
||hidden|n2|other|厚かましい|あつかましい|impudent,shameless,brazen
||hidden|n2|other|圧縮|あっしゅく|compression,condensation,pressure
||hidden|n2|other|宛名|あてな|address,direction
||hidden|n2|other|あてはまる|あてはまる|to be applicable,to come under (a category),to fulfill
||hidden|n2|other|あてはめる|あてはめる|to apply,to adapt
||hidden|n2|other|暴れる|あばれる|to act violently,to rage,to struggle,to be riotous
||hidden|n2|other|脂|あぶら|fat,tallow,lard
||hidden|n2|other|あぶる|あぶる|to scorch
||hidden|n2|other|あふれる|あふれる|to flood,to overflow,to brim over
||hidden|n2|other|雨戸|あまど|sliding storm door
||hidden|n2|other|甘やかす|あまやかす|to pamper,to spoil
||hidden|n2|other|余る|あまる|to remain,to be left over,to be in excess,to be too many
||hidden|n2|other|編物|あみもの|knitting,web
|13||n2|verb|編む|あむ|to knit,sticka
||hidden|n2|other|危うい|あやうい|dangerous,critical,grave
||hidden|n2|other|怪しい|あやしい|suspicious,dubious,doubtful
||hidden|n2|other|荒い|あらい|rough,rude,wild
||hidden|n2|other|粗い|あらい|coarse,rough
||hidden|n2|other|あらすじ|あらすじ|outline,summary
||hidden|n2|other|争う|あらそう|to dispute,to argue,to be at variance,to compete
||hidden|n2|other|改めて|あらためて|another time,again,over again,anew,formally
||hidden|n2|other|改める|あらためる|to change,to alter,to reform,to revise
||hidden|n2|other|著す|あらわす|to write,to publish
||hidden|n2|other|有難い|ありがたい|grateful,thankful,welcome,appreciated,evoking gratitude
||hidden|n2|other|在る|ある|to live,to be
||hidden|n2|other|あれこれ|あれこれ|one thing or another,this and that,this or that
||hidden|n2|other|あわただしい|あわただしい|busy,hurried,confused,flurried
||hidden|n2|other|あわてる|あわてる|to become confused
||hidden|n2|other|安易|あんい|easy-going
||hidden|n2|other|案外|あんがい|unexpectedly
||hidden|n2|other|アンテナ|アンテナ|antenna
||hidden|n2|other|言い出す|いいだす|to start talking,to speak,to tell,to propose,to suggest,to break the ice
||hidden|n2|other|言い付ける|いいつける|to tell,to tell on (someone),to order
||hidden|n2|other|意義|いぎ|meaning,significance
||hidden|n2|other|生き生き|いきいき|vividly,lively
||hidden|n2|other|いきなり|いきなり|(uk) abruptly,suddenly,all of a sudden,without warning
||hidden|n2|other|育児|いくじ|childcare,nursing,upbringing
||hidden|n2|other|幾分|いくぶん|somewhat
||hidden|n2|other|生け花|いけばな|(1) flower arrangement
||hidden|n2|other|以後|いご|after this,from now on,hereafter,thereafter
||hidden|n2|other|以降|いこう|on and after,hereafter,thereafter
||hidden|n2|other|イコール|イコール|equal
||hidden|n2|other|勇ましい|いさましい|brave,valiant,gallant,courageous
||hidden|n2|other|衣食住|いしょくじゅう|necessities of life (food, clothing, etc.)
||hidden|n2|other|意地悪|いじわる|malicious,ill-tempered,unkind
||hidden|n2|other|いちいち|いちいち|one by one,separately
||hidden|n2|other|一応|いちおう|once,tentatively,in outline,for the time being
||hidden|n2|other|一段と|いちだんと|greater,more,further,still more
||hidden|n2|other|一流|いちりゅう|first class,top grade,foremost,top-notch
||hidden|n2|other|佚|いつ|be lost,peace,hide,mistake,beautiful,in turn
||hidden|n2|other|一昨日|いっさくじつ|day before yesterday
||hidden|n2|other|一昨年|いっさくねん|year before last
||hidden|n2|other|一斉|いっせい|simultaneous,all at once
||hidden|n2|other|一旦|いったん|once,for a moment,one morning,temporarily
||hidden|n2|other|一定|いってい|fixed,settled,definite
||hidden|n2|other|いっていらっしゃい|いっていらっしゃい|
||hidden|n2|other|いってらっしゃい|いってらっしゃい|
||hidden|n2|other|いってまいります|いってまいります|
||hidden|n2|other|いつのまにか|いつのまにか|before one knows,unnoticed,unawares
||hidden|n2|other|移転|いてん|moving,transfer,demise
||hidden|n2|other|井戸|いど|water well
||hidden|n2|other|緯度|いど|latitude (nav.)
||hidden|n2|other|従姉妹|いとこ|cousin (female)
||hidden|n2|other|威張る|いばる|to be proud,to swagger
||hidden|n2|other|嫌がる|いやがる|to hate,to dislike
||hidden|n2|other|いよいよ|いよいよ|more and more,all the more,increasingly,at last,beyond doubt
||hidden|n2|other|煎る|いる|to parch,to fry
||hidden|n2|other|炒る|いる|
||hidden|n2|other|入れ物|いれもの|container,case,receptacle
||hidden|n2|other|インキ|インキ|ink
||hidden|n2|other|インタビュー|インタビュー|interview
||hidden|n2|other|引力|いんりょく|gravity
||hidden|n2|other|ウーマン|ウーマン|woman
||hidden|n2|other|ウール|ウール|wool
||hidden|n2|other|ウエートレス|ウエートレス|waitress
||hidden|n2|other|植木|うえき|garden shrubs,trees,potted plant
||hidden|n2|other|飢える|うえる|to starve
||hidden|n2|other|浮ぶ|うかぶ|to float,to rise to surface,to come to mind
||hidden|n2|other|浮かべる|うかべる|to float,to express,to look (sad, glad)
||hidden|n2|other|浮く|うく|to float,to become merry,to become loose
||hidden|n2|other|承る|うけたまわる|(hum) to hear,to be told,to know
||hidden|n2|other|受取|うけとり|receipt
||hidden|n2|other|受け持つ|うけもつ|to take (be in) charge of
||hidden|n2|other|薄暗い|うすぐらい|dim,gloomy
||hidden|n2|other|薄める|うすめる|to dilute,to water down
||hidden|n2|other|打合せ|うちあわせ|business meeting,previous arrangement,appointment
||hidden|n2|other|打ち消す|うちけす|to deny,to negate,to contradict
||hidden|n2|other|討つ|うつ|to attack,to avenge
||hidden|n2|other|うっかり|うっかり|carelessly,thoughtlessly,inadvertently
||hidden|n2|other|映す|うつす|to project,to reflect,to cast (shadow)
||hidden|n2|other|写る|うつる|to be photographed,to be projected
||hidden|n2|other|映る|うつる|to be reflected,to harmonize with,to come out (photo)
||hidden|n2|other|うどん|うどん|noodles (Japanese)
||hidden|n2|other|有無|うむ|yes or no,existence,flag indicator (comp),presence or absence marker
||hidden|n2|other|埋める|うめる|to bury,to fill up,to fill (a seat, a vacant position)
||hidden|n2|other|敬う|うやまう|to show respect,to honour
||hidden|n2|other|裏返す|うらがえす|to turn inside out,to turn (something) over
||hidden|n2|other|裏口|うらぐち|backdoor,rear entrance
||hidden|n2|other|占う|うらなう|to forecast,to predict
||hidden|n2|other|恨み|うらみ|resentment
|||n2|verb|恨む|うらむ|to curse,to feel bitter|svära,vara bitter
|17||n2|adjective|羨ましい|うらやましい|envious,enviable|avundsjuk,avundsvärd
|||n2|verb|羨む|うらやむ|to envy|avundas
|||n2|noun|売上|うりあげ|amount sold,proceeds|antal sålda,avkastning
|||n2|noun|売り切れ|うりきれ|sold-out|utsåld
|||n2|verb|売り切れる|うりきれる|to be sold out|vara slutsåld
|||n2|noun|売行き|うれゆき|sales|rea
|||n2|noun|うろうろ|うろうろ|loiteringly,aimless wandering|strosande
|||n2|noun|運河|うんが|canal,waterway|kanal
|||n2|adverb|うんと|うんと|a great deal,very much|väldigt
|||n2|noun|英文|えいぶん|sentence in English,mening på engelska
|||n2|adjective|英和|えいわ|English-Japanese (e.g. dictionary),engelsk-japansk
|16||n2|interjection|ええと|ええと|let me see,well,er....|hu
|||n2|noun|液体|えきたい|liquid,fluid|vätska
|||n2|noun|エチケット|エチケット|etiquette|etikett
|||n2|noun|絵の具|えのぐ|colors,paints|färger
|||n2|noun|エプロン|エプロン|apron|förkläde
||hidden|n2|other|偉い|えらい|great,celebrated,eminent,terrible,awful,famous,remarkable,excellent
||hidden|n2|other|宴会|えんかい|party,banquet
||hidden|n2|other|園芸|えんげい|horticulture,gardening
||hidden|n2|other|演劇|えんげき|play (theatrical)
||hidden|n2|other|円周|えんしゅう|circumference
||hidden|n2|other|遠足|えんそく|trip,hike,picnic
||hidden|n2|other|延長|えんちょう|extension,elongation,prolongation,lengthening
||hidden|n2|other|煙突|えんとつ|chimney
||hidden|n2|other|追い掛ける|おいかける|to chase or run after someone,to run down,to pursue
||hidden|n2|other|追い越す|おいこす|to pass (e.g. car),to outdistance,to outstrip
||hidden|n2|other|オイル|オイル|oil,engine oil,kerosene
||hidden|n2|other|応援|おうえん|aid,assistance,help,reinforcement
||hidden|n2|other|王女|おうじょ|princess
||hidden|n2|other|応ずる|おうずる|to answer,to respond,to meet,to satisfy,to accept
||hidden|n2|other|応接|おうせつ|reception
||hidden|n2|other|応対|おうたい|receiving,dealing with
||hidden|n2|other|往復|おうふく|(col) round trip,coming and going,return ticket
||hidden|n2|other|欧米|おうべい|Europe and America,the West
||hidden|n2|other|応用|おうよう|application,put to practical use
||hidden|n2|other|オーケストラ|オーケストラ|orchestra
||hidden|n2|other|おおざっぱ|おおざっぱ|rough (not precise),broad,sketchy
||hidden|n2|other|大通り|おおどおり|main street
||hidden|n2|other|オートメーション|オートメーション|automation
||hidden|n2|other|オーバーコート|オーバーコート|
||hidden|n2|other|大凡|おおよそ|about,roughly,as a rule,approximately
||hidden|n2|other|お帰り|おかえり|return,welcome
||hidden|n2|other|おかけください|おかけください|
||hidden|n2|other|おかげさまで|おかげさまで|Thanks to god,thanks to you
||hidden|n2|other|おかず|おかず|side dish,accompaniment for rice dishes
||hidden|n2|other|拝む|おがむ|to worship,to beg,to make a supplication
||hidden|n2|other|お代わり|おかわり|second helping,another cup
||hidden|n2|other|補う|おぎなう|to compensate for
||hidden|n2|other|おきのどくに|おきのどくに|
||hidden|n2|other|屋外|おくがい|outdoors
||hidden|n2|other|おくさん|おくさん|(hon) wife,your wife,madam
||hidden|n2|other|送り仮名|おくりがな|part of word written in kana
||hidden|n2|other|おげんきで|おげんきで|
||hidden|n2|other|怠る|おこたる|to neglect,to be off guard,to be feeling better
||hidden|n2|other|押える|おさえる|to stop,to restrain,to seize,to repress,to suppress,to press down
||hidden|n2|other|おさきに|おさきに|before,ahead,previously
||hidden|n2|other|納める|おさめる|to obtain,to reap,to pay,to supply,to accept
||hidden|n2|other|治める|おさめる|(1) to govern,to manage,(2) to subdue
||hidden|n2|other|惜しい|おしい|regrettable,disappointing,precious
||hidden|n2|other|御辞儀|おじぎ|bow
||hidden|n2|other|伯父さん|おじさん|middle-aged gentleman,uncle
||hidden|n2|other|小父さん|おじさん|middle-aged gentleman,uncle
||hidden|n2|other|叔父さん|おじさん|middle-aged gentleman,uncle
||hidden|n2|other|おしゃれ|おしゃれ|smartly dressed,someone smartly dressed,fashion-conscious
||hidden|n2|other|おじゃまします|おじゃまします|Excuse me for disturbing you
||hidden|n2|other|教わる|おそわる|to be taught
||hidden|n2|other|おだいじに|おだいじに|Take care of yourself
||hidden|n2|other|落着く|おちつく|to calm down,to settle down
||hidden|n2|other|御手洗|おてあらい|font of purifying water placed at entrance of shrine
||hidden|n2|other|お出掛け|おでかけ|
||hidden|n2|other|お手伝いさん|おてつだいさん|maid
||hidden|n2|other|おどかす|おどかす|to threaten,to coerce
||hidden|n2|other|落し物|おとしもの|lost property
||hidden|n2|other|おととい|おととい|day before yesterday
||hidden|n2|other|おととし|おととし|year before last
||hidden|n2|other|おとなしい|おとなしい|obedient,docile,quiet
||hidden|n2|other|驚かす|おどろかす|to surprise,to frighten,to create a stir
||hidden|n2|other|おねがいします|おねがいします|please
||hidden|n2|other|各々|おのおの|each,every,either,respectively,severally
||hidden|n2|other|伯母さん|おばさん|(hon) aunt
||hidden|n2|other|叔母さん|おばさん|(1) aunt,(2) middle-aged lady
||hidden|n2|other|おはよう|おはよう|(abbr) Good morning
||hidden|n2|other|お参り|おまいり|worship,shrine visit
||hidden|n2|other|おまたせしました|おまたせしました|Sorry to have kept you waiting
||hidden|n2|other|おまちください|おまちください|Please wait a moment
||hidden|n2|other|おまちどおさま|おまちどおさま|Sorry to have kept you waiting
||hidden|n2|other|おめでたい|おめでたい|happy event,matter for congratulation,auspicious event,pregnancy
||hidden|n2|other|思い掛けない|おもいがけない|unexpected,casual
||hidden|n2|other|思い込む|おもいこむ|to be under impression that,to be convinced that
||hidden|n2|other|思いっ切り|おもいっきり|
||hidden|n2|other|思い付く|おもいつく|to think of,to hit upon
||hidden|n2|other|重たい|おもたい|heavy,massive,serious
||hidden|n2|other|おやすみ|おやすみ|(1) holiday,absence,rest,(2) (exp) Good night
||hidden|n2|other|おやつ|おやつ|(1) between meal snack,afternoon refreshment
||hidden|n2|other|親指|おやゆび|thumb
||hidden|n2|other|オルガン|オルガン|organ
||hidden|n2|other|卸す|おろす|to sell wholesale,grated (vegetables)
||hidden|n2|other|恩恵|おんけい|grace,favor,blessing,benefit
||hidden|n2|other|温室|おんしつ|greenhouse
||hidden|n2|other|温泉|おんせん|spa,hot spring,onsen
||hidden|n2|other|温帯|おんたい|temperate zone
||hidden|n2|other|御中|おんちゅう|and Company,Messrs.
||hidden|n2|other|女の人|おんなのひと|woman
||hidden|n2|other|蚊|か|mosquito
||hidden|n2|other|カーブ|カーブ|(1) curve,(2) curve ball (baseball)
||hidden|n2|other|貝|かい|shell,shellfish
||hidden|n2|other|開会|かいかい|opening of a meeting
||hidden|n2|other|会館|かいかん|meeting hall,assembly hall
||hidden|n2|other|改札|かいさつ|examination of tickets
||hidden|n2|other|解散|かいさん|breakup,dissolution
||hidden|n2|other|海水浴|かいすいよく|sea bathing,seawater bath
||hidden|n2|other|回数|かいすう|number of times,frequency
||hidden|n2|other|回数券|かいすうけん|book of tickets
||hidden|n2|other|改正|かいせい|revision,amendment,alteration
||hidden|n2|other|快晴|かいせい|good weather
||hidden|n2|other|解説|かいせつ|explanation,commentary
||hidden|n2|other|改造|かいぞう|(1) remodeling,(2) modding (comp)
||hidden|n2|other|開通|かいつう|opening,open
||hidden|n2|other|回転|かいてん|rotation,revolution,turning
||hidden|n2|other|解答|かいとう|answer,solution
||hidden|n2|other|回答|かいとう|reply,answer
||hidden|n2|other|外部|がいぶ|the outside,external
||hidden|n2|other|解放|かいほう|release,liberation,emancipation
||hidden|n2|other|開放|かいほう|open,throw open,liberalization
||hidden|n2|other|海洋|かいよう|ocean
||hidden|n2|other|概論|がいろん|intro,outline,general remarks
||hidden|n2|other|帰す|かえす|to send back
||hidden|n2|other|却って|かえって|on the contrary,rather,all the more,instead
||hidden|n2|other|代える|かえる|to exchange,to interchange,to substitute,to replace
||hidden|n2|other|反る|かえる|to warp,to be warped,to curve
||hidden|n2|other|家屋|かおく|house,building
||hidden|n2|other|係わる|かかわる|to concern oneself in,to have to do with,to affect,to influence,to stick to (opinions)
||hidden|n2|other|書留|かきとめ|writing down,putting on record,recording,making a note of,registration (of mail)
||hidden|n2|other|書取|かきとり|dictation
||hidden|n2|other|垣根|かきね|hedge
||hidden|n2|other|掻く|かく|to scratch,to perspire
||hidden|n2|other|嗅ぐ|かぐ|to sniff,to smell
||hidden|n2|other|架空|かくう|aerial,overhead,fiction,fanciful
||hidden|n2|other|各自|かくじ|individual,each
||hidden|n2|other|拡充|かくじゅう|expansion
||hidden|n2|other|学術|がくじゅつ|science,learning,scholarship
||hidden|n2|other|各地|かくち|every place,various places
||hidden|n2|other|拡張|かくちょう|expansion,extension,enlargement,escape (ESC)
||hidden|n2|other|角度|かくど|angle
||hidden|n2|other|学年|がくねん|year in school,grade in school
||hidden|n2|other|学部|がくぶ|department of a university,undergraduate
||hidden|n2|other|格別|かくべつ|exceptional
||hidden|n2|other|確率|かくりつ|probability
||hidden|n2|other|学力|がくりょく|scholarship,knowledge,literary ability
||hidden|n2|other|掛け算|かけざん|multiplication
||hidden|n2|other|可決|かけつ|approval,adoption (e.g. motion, bill),passage
||hidden|n2|other|火口|かこう|a burner,origin of a fire
||hidden|n2|other|下降|かこう|downward,descent,fall,drop,subsidence
||hidden|n2|other|重なる|かさなる|to be piled up,lie on top of one another,overlap each other
||hidden|n2|other|重ねる|かさねる|to pile up,to put something on another,to heap up,to add,to repeat
||hidden|n2|other|飾り|かざり|decoration
||hidden|n2|other|火山|かざん|volcano
||hidden|n2|other|かしこまりました|かしこまりました|certainly!
||hidden|n2|other|貸し出し|かしだし|lending,loaning
||hidden|n2|other|過失|かしつ|error,blunder,accident
||hidden|n2|other|果実|かじつ|fruit,nut,berry.
||hidden|n2|other|貸間|かしま|room to let
||hidden|n2|other|貸家|かしや|house for rent
||hidden|n2|other|個所|かしょ|passage,place,point,part
||hidden|n2|other|過剰|かじょう|excess,over-
||hidden|n2|other|かじる|かじる|to chew,to bite (at),to gnaw,to nibble
||hidden|n2|other|課税|かぜい|taxation
||hidden|n2|other|下線|かせん|underline,underscore
||hidden|n2|other|カセット|カセット|cassette (tape)
||hidden|n2|other|加速|かそく|acceleration
||hidden|n2|other|加速度|かそくど|acceleration
||hidden|n2|other|固い|かたい|stubborn,firm (not viscous or easily moved)
||hidden|n2|other|堅い|かたい|hard (esp. wood),steadfast,honorable,stuffy writing
||hidden|n2|other|片仮名|かたかな|katakana
||hidden|n2|other|片付く|かたづく|to put in order,to dispose of,to solve
||hidden|n2|other|塊|かたまり|lump,mass,clod,cluster
||hidden|n2|other|固まる|かたまる|to harden,to solidify,to become firm,to become certain
||hidden|n2|other|片道|かたみち|one-way (trip)
||hidden|n2|other|傾く|かたむく|to incline toward,to slant,to lurch
||hidden|n2|other|片寄る|かたよる|to be one-sided,to incline,to be partial
||hidden|n2|other|学科|がっか|study subject,course of study
||hidden|n2|other|学会|がっかい|scientific society,academic meeting
||hidden|n2|other|楽器|がっき|musical instrument
||hidden|n2|other|学級|がっきゅう|grade in school
||hidden|n2|other|担ぐ|かつぐ|to shoulder,to carry on shoulder
||hidden|n2|other|括弧|かっこ|parenthesis,brackets
||hidden|n2|other|活字|かつじ|printing type
||hidden|n2|other|活躍|かつやく|activity
||hidden|n2|other|活力|かつりょく|vitality,energy
||hidden|n2|other|仮定|かてい|assumption,supposition,hypothesis
||hidden|n2|other|過程|かてい|process
||hidden|n2|other|課程|かてい|course,curriculum
||hidden|n2|other|仮名|かな|(n) alias,pseudonym,pen name
||hidden|n2|other|仮名遣い|かなづかい|kana orthography,syllabary spelling
||hidden|n2|other|鐘|かね|bell,chime
||hidden|n2|other|加熱|かねつ|heating
||hidden|n2|other|兼ねる|かねる|to hold (position),to serve,to be unable
||hidden|n2|other|カバー|カバー|cover (ex. book)
||hidden|n2|other|過半数|かはんすう|majority
||hidden|n2|other|被せる|かぶせる|to cover (with something)
||hidden|n2|other|釜|かま|iron pot,kettle
||hidden|n2|other|紙屑|かみくず|wastepaper
||hidden|n2|other|神様|かみさま|god
||hidden|n2|other|剃刀|かみそり|razor
||hidden|n2|other|ガム|ガム|chewing gum
||hidden|n2|other|貨物|かもつ|cargo,freight
||hidden|n2|other|かゆい|かゆい|itchy,itching
||hidden|n2|other|歌謡|かよう|song,ballad
||hidden|n2|other|殻|から|shell,husk,hull,chaff
||hidden|n2|other|カラー|カラー|collar,color,colour
||hidden|n2|other|からかう|からかう|to ridicule,to tease,to banter with,to make fun of
||hidden|n2|other|空っぽ|からっぽ|empty,vacant,hollow
||hidden|n2|other|かるた|かるた|(n) playing cards (pt: carta)
||hidden|n2|other|枯れる|かれる|to wither,to die (plant),to be blasted (plant)
||hidden|n2|other|カロリー|カロリー|calorie
||hidden|n2|other|かわいがる|かわいがる|to love,to be affectionate
||hidden|n2|other|乾かす|かわかす|to dry (clothes, etc.),to desiccate
||hidden|n2|other|渇く|かわく|to be thirsty
||hidden|n2|other|為替|かわせ|money order,exchange
||hidden|n2|other|瓦|かわら|roof tile
||hidden|n2|other|代る|かわる|(v5r,vi) to take the place of,to relieve,to be substituted for
||hidden|n2|other|間隔|かんかく|space,interval,SPC
||hidden|n2|other|換気|かんき|ventilation
||hidden|n2|other|感激|かんげき|deep emotion,impression,inspiration
||hidden|n2|other|関西|かんさい|
||hidden|n2|other|鑑賞|かんしょう|appreciation
||hidden|n2|other|感ずる|かんずる|to feel,to sense
||hidden|n2|other|間接|かんせつ|indirection,indirectness
||hidden|n2|other|乾燥|かんそう|dry,arid,insipid,dehydrated
||hidden|n2|other|感想|かんそう|impressions,thoughts
||hidden|n2|other|観測|かんそく|observation
||hidden|n2|other|寒帯|かんたい|frigid zone
||hidden|n2|other|官庁|かんちょう|government office,authorities
||hidden|n2|other|勘違い|かんちがい|misunderstanding,wrong guess
||hidden|n2|other|缶詰|かんづめ|packing (in cans),canning,canned goods,tin can
||hidden|n2|other|乾電池|かんでんち|dry cell,battery
||hidden|n2|other|関東|かんとう|eastern half of Japan, including Tokyo
||hidden|n2|other|観念|かんねん|(1) idea,notion,conception,(2) sense (e.g. of duty)
||hidden|n2|other|乾杯|かんぱい|toast (drink)
||hidden|n2|other|看板|かんばん|sign,signboard,doorplate,poster
||hidden|n2|other|看病|かんびょう|nursing (a patient)
||hidden|n2|other|冠|かんむり|crown,diadem,first,best
||hidden|n2|other|漢和|かんわ|Chinese Character-Japanese (e.g. dictionary)
||hidden|n2|other|気圧|きあつ|atmospheric pressure
||hidden|n2|other|器械|きかい|instrument
||hidden|n2|other|着替え|きがえ|changing clothes,change of clothes
||hidden|n2|other|機関車|きかんしゃ|locomotive,engine
||hidden|n2|other|飢饉|ききん|famine
||hidden|n2|other|器具|きぐ|utensil
||hidden|n2|other|期限|きげん|term,period
||hidden|n2|other|記号|きごう|symbol,code
||hidden|n2|other|刻む|きざむ|to mince,to carve,to engrave
||hidden|n2|other|儀式|ぎしき|ceremony,rite,ritual,service
||hidden|n2|other|基準|きじゅん|standard,basis,criteria,norm
||hidden|n2|other|規準|きじゅん|standard,basis,criteria,norm
||hidden|n2|other|起床|きしょう|rising,getting out of bed
||hidden|n2|other|着せる|きせる|to put on clothes
||hidden|n2|other|基礎|きそ|foundation,basis
||hidden|n2|other|気体|きたい|vapour,gas
||hidden|n2|other|基地|きち|base
||hidden|n2|other|きっかけ|きっかけ|chance,start,cue,excuse
||hidden|n2|other|ぎっしり|ぎっしり|tightly,fully
||hidden|n2|other|基盤|きばん|foundation,basis
||hidden|n2|other|客席|きゃくせき|guest seating
||hidden|n2|other|客間|きゃくま|parlor,guest room
||hidden|n2|other|ギャング|ギャング|gang
||hidden|n2|other|キャンパス|キャンパス|campus
||hidden|n2|other|休業|きゅうぎょう|closed (e.g. store),business suspended,shutdown,holiday
||hidden|n2|other|休講|きゅうこう|lecture cancelled
||hidden|n2|other|休息|きゅうそく|rest,relief,relaxation
||hidden|n2|other|給与|きゅうよ|allowance,grant,supply
||hidden|n2|other|休養|きゅうよう|rest,break,recreation
||hidden|n2|other|清い|きよい|clear,pure,noble
||hidden|n2|other|強化|きょうか|strengthen,intensify,reinforce,solidify
||hidden|n2|other|境界|きょうかい|boundary
||hidden|n2|other|行事|ぎょうじ|event,function
||hidden|n2|other|恐縮|きょうしゅく|shame,very kind of you,sorry to trouble
||hidden|n2|other|教養|きょうよう|culture,education,refinement,cultivation
||hidden|n2|other|行列|ぎょうれつ|(1) line,procession,(2) matrix (math)
||hidden|n2|other|漁業|ぎょぎょう|fishing (industry)
||hidden|n2|other|曲線|きょくせん|curve
||hidden|n2|other|規律|きりつ|order,rules,law
||hidden|n2|other|斬る|きる|(v5r) to behead,to murder
||hidden|n2|other|気を付ける|きをつける|to be careful,to pay attention,to take care
||hidden|n2|other|金魚|きんぎょ|goldfish
||hidden|n2|other|区域|くいき|limits,boundary,domain,zone,sphere,territory
||hidden|n2|other|偶数|ぐうすう|even number
||hidden|n2|other|空想|くうそう|daydream,fantasy,fancy,vision
||hidden|n2|other|空中|くうちゅう|sky,air
||hidden|n2|other|クーラー|クーラー|cooler,air conditioner
||hidden|n2|other|釘|くぎ|nail
||hidden|n2|other|区切る|くぎる|to punctuate,to cut off,to mark off,to stop,to put an end to
||hidden|n2|other|櫛|くし|comb
||hidden|n2|other|くしゃみ|くしゃみ|sneeze
||hidden|n2|other|苦情|くじょう|complaint,troubles,objection
||hidden|n2|other|苦心|くしん|pain,trouble
||hidden|n2|other|屑|くず|waste,scrap
||hidden|n2|other|崩す|くずす|to destroy,to pull down,to make change (money)
||hidden|n2|other|薬指|くすりゆび|ring finger
||hidden|n2|other|崩れる|くずれる|to collapse,to crumble
||hidden|n2|other|砕く|くだく|to break,to smash
||hidden|n2|other|砕ける|くだける|to break,to be broken
||hidden|n2|other|くたびれる|くたびれる|to get tired,to wear out
||hidden|n2|other|くだらない|くだらない|good-for-nothing,stupid,trivial,worthless
||hidden|n2|other|下る|くだる|to get down,to descend
||hidden|n2|other|唇|くちびる|lips
||hidden|n2|other|口紅|くちべに|lipstick
||hidden|n2|other|くっつく|くっつく|to adhere to,to keep close to
||hidden|n2|other|くっつける|くっつける|to attach
||hidden|n2|other|くどい|くどい|verbose,importunate,heavy (taste)
||hidden|n2|other|句読点|くとうてん|punctuation marks
||hidden|n2|other|配る|くばる|to distribute,to deliver
||hidden|n2|other|工夫|くふう|labourer,worker
||hidden|n2|other|区分|くぶん|division,section,classification
||hidden|n2|other|組合せ|くみあわせ|combination
||hidden|n2|other|組み立てる|くみたてる|to assemble,to set up,to construct
||hidden|n2|other|汲む|くむ|(1) to draw (water),to dip,to scoop,to pump
||hidden|n2|other|酌む|くむ|to serve sake
||hidden|n2|other|悔しい|くやしい|regrettable,mortifying,vexing
||hidden|n2|other|悔やむ|くやむ|to mourn
||hidden|n2|other|クリーニング|クリーニング|cleaning,dry cleaning,laundry service
||hidden|n2|other|くるむ|くるむ|to be engulfed in,to be enveloped by,to wrap up
||hidden|n2|other|くれぐれも|くれぐれも|repeatedly,sincerely,earnestly
||hidden|n2|other|咥える|くわえる|
||hidden|n2|other|郡|ぐん|country,district
||hidden|n2|other|稽古|けいこ|practice,training,study
||hidden|n2|other|敬語|けいご|honorific,term of respect
||hidden|n2|other|蛍光灯|けいこうとう|fluorescent lamp,person who is slow to react
||hidden|n2|other|形式|けいしき|form,formality,format,math expression
||hidden|n2|other|継続|けいぞく|continuation
||hidden|n2|other|毛糸|けいと|knitting wool
||hidden|n2|other|経度|けいど|longitude
||hidden|n2|other|系統|けいとう|system,family line,geological formation
||hidden|n2|other|芸能|げいのう|public entertainment,accomplishments,attainments
||hidden|n2|other|競馬|けいば|horse racing
||hidden|n2|other|警備|けいび|defense,guard,policing,security
||hidden|n2|other|形容詞|けいようし|true adjective
||hidden|n2|other|形容動詞|けいようどうし|adjectival noun,quasi-adjective
||hidden|n2|other|外科|げか|surgical department
||hidden|n2|other|毛皮|けがわ|fur,skin,pelt
||hidden|n2|other|激増|げきぞう|sudden increase
||hidden|n2|other|下車|げしゃ|alighting,getting off
||hidden|n2|other|下旬|げじゅん|month (last third of)
||hidden|n2|other|下水|げすい|drainage,sewage,ditch,gutter,sewerage
||hidden|n2|other|削る|けずる|to cut down little by little,to take a percentage
||hidden|n2|other|桁|けた|column,beam,digit
||hidden|n2|other|下駄|げた|geta (Japanese footwear),wooden clogs
||hidden|n2|other|血圧|けつあつ|blood pressure
||hidden|n2|other|血液|けつえき|blood
||hidden|n2|other|月給|げっきゅう|monthly salary
||hidden|n2|other|傑作|けっさく|masterpiece,best work,boner,blunder
||hidden|n2|other|月末|げつまつ|end of the month
||hidden|n2|other|気配|けはい|indication,market trend,worry
||hidden|n2|other|下品|げひん|vulgarity,meanness,indecency,coarseness
||hidden|n2|other|煙い|けむい|smoky
||hidden|n2|other|蹴る|ける|to kick
||hidden|n2|other|けれど,けれども|けれど,けれども|but,however
||hidden|n2|other|険しい|けわしい|inaccessible place,sharp eyes
||hidden|n2|other|見学|けんがく|inspection,study by observation,field trip
||hidden|n2|other|謙虚|けんきょ|modesty,humility
||hidden|n2|other|原稿|げんこう|manuscript,copy
||hidden|n2|other|原産|げんさん|place of origin,habitat
||hidden|n2|other|原始|げんし|origin,primeval
||hidden|n2|other|研修|けんしゅう|training
||hidden|n2|other|厳重|げんじゅう|strict,rigour,severe,firm
||hidden|n2|other|謙遜|けんそん|humble,humility,modesty
||hidden|n2|other|県庁|けんちょう|prefectural office
||hidden|n2|other|限度|げんど|limit,bounds
||hidden|n2|other|現に|げんに|actually,really
||hidden|n2|other|顕微鏡|けんびきょう|microscope
||hidden|n2|other|原理|げんり|principle,theory,fundamental truth
||hidden|n2|other|原料|げんりょう|raw materials
||hidden|n2|other|碁|ご|Go (board game of capturing territory)
||hidden|n2|other|恋しい|こいしい|(1) dear,beloved,darling,(2) yearned for
||hidden|n2|other|請う|こう|to ask,to request
||hidden|n2|other|工員|こういん|factory worker
||hidden|n2|other|強引|ごういん|overbearing,coercive,pushy,forcible,high-handed
||hidden|n2|other|公害|こうがい|public nuisance,pollution
||hidden|n2|other|高級|こうきゅう|high class,high grade
||hidden|n2|other|公共|こうきょう|public,community,public service,society,communal
||hidden|n2|other|工芸|こうげい|industrial arts
||hidden|n2|other|孝行|こうこう|filial piety
||hidden|n2|other|交差|こうさ|cross
||hidden|n2|other|講師|こうし|lecturer
||hidden|n2|other|工事|こうじ|construction work
||hidden|n2|other|公式|こうしき|formula,formality,official
||hidden|n2|other|口実|こうじつ|excuse
||hidden|n2|other|こうして|こうして|thus
||hidden|n2|other|校舎|こうしゃ|school building
||hidden|n2|other|公衆|こうしゅう|the public
||hidden|n2|other|香水|こうすい|perfume
||hidden|n2|other|公正|こうせい|justice,fairness,impartiality
||hidden|n2|other|功績|こうせき|achievements,merit,meritorious service,meritorious deed
||hidden|n2|other|光線|こうせん|beam,light ray
||hidden|n2|other|高層|こうそう|upper
||hidden|n2|other|構造|こうぞう|structure,construction
||hidden|n2|other|交替|こうたい|alternation,change,relief,relay,shift
||hidden|n2|other|耕地|こうち|arable land
||hidden|n2|other|交通機関|こうつうきかん|transportation facilities
||hidden|n2|other|校庭|こうてい|campus
||hidden|n2|other|肯定|こうてい|positive,affirmation
||hidden|n2|other|高度|こうど|altitude,height,advanced
||hidden|n2|other|高等|こうとう|high class,high grade
||hidden|n2|other|合同|ごうどう|combination,incorporation,union,amalgamation
||hidden|n2|other|後輩|こうはい|junior (at work or school)
||hidden|n2|other|公表|こうひょう|official announcement,proclamation
||hidden|n2|other|鉱物|こうぶつ|mineral
||hidden|n2|other|公務|こうむ|official business,public business
||hidden|n2|other|項目|こうもく|item
||hidden|n2|other|紅葉|こうよう|(1) (Japanese) maple
||hidden|n2|other|合理|ごうり|rational
||hidden|n2|other|交流|こうりゅう|alternating current,intercourse,(cultural) exchange,intermingling
||hidden|n2|other|合流|ごうりゅう|confluence,union,linking up,merge
||hidden|n2|other|効力|こうりょく|effect,efficacy,validity,potency
||hidden|n2|other|超える|こえる|to exceed,to cross over,to cross
||hidden|n2|other|コース|コース|course
||hidden|n2|other|コーラス|コーラス|chorus
||hidden|n2|other|焦がす|こがす|to burn,to scorch,to singe,to char
||hidden|n2|other|国王|こくおう|king
||hidden|n2|other|国籍|こくせき|nationality
||hidden|n2|other|国立|こくりつ|national
||hidden|n2|other|ごくろうさま|ごくろうさま|Thank you very much for your....
||hidden|n2|other|焦げる|こげる|to burn,to be burned
||hidden|n2|other|凍える|こごえる|to freeze,to be chilled,to be frozen
||hidden|n2|other|心当たり|こころあたり|having some knowledge of,happening to know
||hidden|n2|other|心得る|こころえる|to be informed,to have thorough knowledge
||hidden|n2|other|腰掛け|こしかけ|seat,bench
||hidden|n2|other|腰掛ける|こしかける|to sit (down)
||hidden|n2|other|五十音|ごじゅうおん|the Japanese syllabary
||hidden|n2|other|胡椒|こしょう|pepper
||hidden|n2|other|こしらえる|こしらえる|to make,to manufacture
||hidden|n2|other|超す|こす|to cross,to pass,to tide over
||hidden|n2|other|擦る|こする|to rub,to chafe,to file,to frost (glass),to strike (match)
||hidden|n2|other|ごぞんじですか|ごぞんじですか|
||hidden|n2|other|個体|こたい|an individual
||hidden|n2|other|御馳走|ごちそう|feast,treating (someone)
||hidden|n2|other|ごちそうさま|ごちそうさま|feast
||hidden|n2|other|こちらこそ|こちらこそ|it is I who should say so
||hidden|n2|other|小遣い|こづかい|personal expenses,pocket money,spending money,incidental expenses,allowance
||hidden|n2|other|コック|コック|(1) cook (nl:),(2) tap,spigot,faucet,cock
||hidden|n2|other|こっそり|こっそり|stealthily,secretly
||hidden|n2|other|古典|こてん|old book,classics,classic
||hidden|n2|other|琴|こと|Koto (Japanese harp)
||hidden|n2|other|言付ける|ことづける|to send word,to send a message
||hidden|n2|other|言葉遣い|ことばづかい|speech,expression,wording
||hidden|n2|other|こないだ|こないだ|the other day,lately,recently
||hidden|n2|other|御無沙汰|ごぶさた|not writing or contacting for a while
||hidden|n2|other|こぼす|こぼす|to spill
|||n2|verb|こぼれる|こぼれる|to overflow,to spill|spilla över
|||n2|noun|塵芥|ごみ|trash,rubbish|skräp
|||n2|noun|ゴム|ゴム|gum,rubber,eraser|suddgummi
|16||n2|adjective|御免|ごめん|your pardon,declining (something),dismissal,permission
|||n2|other|ごめんください|ごめんください|May I come in?|kan jag komma in?
|||n2|noun|小指|こゆび|little finger|lillfinger
|||n2|verb|こらえる|こらえる|to bear,to stand,to endure,to put up with|utstå,finna sig i,uthärda
|||n2|noun|娯楽|ごらく|pleasure,amusement|rekreation,underhållning
||hidden|n2|other|御覧|ごらん|(hon) look,inspection,try
||hidden|n2|other|コレクション|コレクション|(1) collection,(2) correction
||hidden|n2|other|転がす|ころがす|to roll
||hidden|n2|other|転がる|ころがる|to roll,to tumble
||hidden|n2|other|紺|こん|navy blue,deep blue
||hidden|n2|other|コンクール|コンクール|contest (fr: concours)
||hidden|n2|other|コンクリート|コンクリート|concrete
||hidden|n2|other|混合|こんごう|mixing,mixture
||hidden|n2|other|コンセント|コンセント|(1) consent,(2) concentric
||hidden|n2|other|献立|こんだて|menu,program,schedule
||hidden|n2|other|こんばんは|こんばんは|good evening
||hidden|n2|other|サークル|サークル|circle,sports club (i.e. at a company)
||hidden|n2|other|在学|ざいがく|(enrolled) in school
||hidden|n2|other|再三|さいさん|again and again,repeatedly
||hidden|n2|other|祭日|さいじつ|national holiday,festival day
||hidden|n2|other|催促|さいそく|request,demand,claim,urge (action),press for
||hidden|n2|other|採点|さいてん|marking,grading,looking over
||hidden|n2|other|災難|さいなん|calamity,misfortune
||hidden|n2|other|裁縫|さいほう|sewing
||hidden|n2|other|材木|ざいもく|lumber,timber
||hidden|n2|other|サイレン|サイレン|siren
||hidden|n2|other|逆さ|さかさ|reverse,inversion,upside down
||hidden|n2|other|逆様|さかさま|inversion,upside down
||hidden|n2|other|捜す|さがす|to search,to seek,to look for
||hidden|n2|other|遡る|さかのぼる|to go back,to go upstream,to make retroactive
||hidden|n2|other|酒場|さかば|bar,bar-room
||hidden|n2|other|さきおととい|さきおととい|two days before yesterday
||hidden|n2|other|先程|さきほど|some time ago
||hidden|n2|other|裂く|さく|to tear,to split
||hidden|n2|other|索引|さくいん|index,indices
15||hidden|n2|other|作者|さくしゃ|author,authoress|författare
||hidden|n2|other|削除|さくじょ|elimination,cancellation,deletion,erasure
||hidden|n2|other|作成|さくせい|frame,draw up,make,producing
||hidden|n2|other|作製|さくせい|manufacture
||hidden|n2|other|探る|さぐる|to search,to look for,to sound out
||hidden|n2|other|囁く|ささやく|to whisper,to murmur
||hidden|n2|other|刺さる|ささる|to stick,to be stuck
||hidden|n2|other|匙|さじ|spoon
||hidden|n2|other|座敷|ざしき|tatami room
||hidden|n2|other|差し支え|さしつかえ|hindrance,impediment
||hidden|n2|other|差し引き|さしひき|deduction,subtraction,balance,ebb and flow,rise and fall
||hidden|n2|other|刺身|さしみ|sliced raw fish
||hidden|n2|other|刺す|さす|to pierce,to stab,to prick,to thrust
||hidden|n2|other|挿す|さす|to insert,to put in,to graft,to wear in belt
||hidden|n2|other|注す|さす|to pour (drink),to serve (drinks)
||hidden|n2|other|射す|さす|to shine,to strike
||hidden|n2|other|流石|さすが|clever,adept,good,expectations,as one would expect
||hidden|n2|other|撮影|さつえい|photographing
||hidden|n2|other|雑音|ざつおん|noise (jarring, grating)
||hidden|n2|other|さっさと|さっさと|quickly
||hidden|n2|other|早速|さっそく|at once,immediately,without delay,promptly
||hidden|n2|other|錆|さび|rust (colour)
||hidden|n2|other|錆びる|さびる|to rust,to become rusty
||hidden|n2|other|座布団|ざぶとん|cushion (Japanese)
||hidden|n2|other|冷ます|さます|to cool,to dampen,to let cool
||hidden|n2|other|妨げる|さまたげる|to disturb,to prevent
||hidden|n2|other|冷める|さめる|to become cool,to wear off,to abate,to subside
||hidden|n2|other||さようなら|good-bye
|||n2|noun|再来月|さらいげつ|month after next|nästnästa månad
|||n2|noun|再来週|さらいしゅう|week after next|nästnästa vecka
|||n2|noun|再来年|さらいねん|year after next|nästnästa år
|17||n2|noun|サラリーマン|サラリーマン|salary man,company employee|företagsanställd
|||n2|adjective|騒がしい|さわがしい|noisy|brusig
|||n2|adjective|さわやか|さわやか|fresh,refreshing,invigorating|uppfriskande
||hidden|n2|other|三角|さんかく|triangle,triangular
||hidden|n2|other|算数|さんすう|arithmetic
||hidden|n2|other|酸性|さんせい|acidity
||hidden|n2|other|産地|さんち|producing area
||hidden|n2|other|サンプル|サンプル|sample
||hidden|n2|other|山林|さんりん|mountain forest,mountains and forest
||hidden|n2|other|仕上がる|しあがる|to be finished
||hidden|n2|other|しあさって|しあさって|two days after tomorrow
||hidden|n2|other|シーズン|シーズン|season (sporting)
||hidden|n2|other|シーツ|シーツ|sheet
||hidden|n2|other|寺院|じいん|temple
||hidden|n2|other|しいんと|（する）|silent (as the grave),(deathly) quiet
||hidden|n2|other|自衛|じえい|self-defense
||hidden|n2|other|塩辛い|しおからい|salty (taste)
||hidden|n2|other|司会|しかい|chairmanship
||hidden|n2|other|四角|しかく|square
||hidden|n2|other|四角い|しかくい|square
||hidden|n2|other|時間割|じかんわり|timetable,schedule
||hidden|n2|other|四季|しき|four seasons
||hidden|n2|other|敷地|しきち|site
||hidden|n2|other|至急|しきゅう|urgent,pressing
||hidden|n2|other|敷く|しく|to spread out,to lay out
||hidden|n2|other|茂る|しげる|to grow thick,to luxuriate,to be luxurious
||hidden|n2|other|持参|じさん|bringing,taking,carrying
||hidden|n2|other|磁石|じしゃく|magnet
||hidden|n2|other|四捨五入|ししゃごにゅう|rounding up (fractions)
||hidden|n2|other|始終|しじゅう|continuously,from beginning to end
||hidden|n2|other|自習|じしゅう|self-study
||hidden|n2|other|静まる|しずまる|to quieten down,to calm down,to subside
||hidden|n2|other|姿勢|しせい|attitude,posture
||hidden|n2|other|自然科学|しぜんかがく|natural science
||hidden|n2|other|時速|じそく|speed (per hour)
||hidden|n2|other|子孫|しそん|descendants,posterity,offspring
||hidden|n2|other|死体|したい|corpse
||hidden|n2|other|下書き|したがき|rough copy,draft
||hidden|n2|other|下町|したまち|Shitamachi,lower parts of town
||hidden|n2|other|自治|じち|self-government,autonomy
||hidden|n2|other|実感|じっかん|feelings (actual, true)
||hidden|n2|other|湿気|しっけ|moisture,humidity,dampness
||hidden|n2|other|湿気|しっき|moisture,humidity,dampness
||hidden|n2|other|しつこい|しつこい|insistent,obstinate
||hidden|n2|other|実習|じっしゅう|practice,training
||hidden|n2|other|実績|じっせき|achievements,actual results
||hidden|n2|other|湿度|しつど|level of humidity
||hidden|n2|other|執筆|しっぴつ|writing
||hidden|n2|other|実物|じつぶつ|real thing,original
||hidden|n2|other|しっぽ|しっぽ|tail (animal)
||hidden|n2|other|実用|じつよう|practical use,utility
||hidden|n2|other|実力|じつりょく|merit,efficiency,arms,force
||hidden|n2|other|実例|じつれい|example,illustration
||hidden|n2|other|失恋|しつれん|disappointed love,broken heart,unrequited love,be lovelorn
||hidden|n2|other|指定|してい|designation,specification,assignment,pointing at
||hidden|n2|other|私鉄|してつ|private railway
||hidden|n2|other|児童|じどう|children,juvenile
||hidden|n2|other|縛る|しばる|to tie,to bind
||hidden|n2|other|地盤|じばん|(the) ground
||hidden|n2|other|しびれる|しびれる|to become numb,to go to sleep (i.e., a limb)
||hidden|n2|other|紙幣|しへい|paper money,notes,bills
||hidden|n2|other|しぼむ|しぼむ|to wither,to fade (away),to shrivel,to wilt
||hidden|n2|other|絞る|しぼる|to press,to wring,to squeeze
||hidden|n2|other|縞|しま|stripe
||hidden|n2|other|地味|じみ|plain,simple
||hidden|n2|other|しみじみ|しみじみ|keenly,deeply,heartily
||hidden|n2|other|氏名|しめい|full name,identity
||hidden|n2|other|締切|しめきり|closing,cut-off,end,deadline,Closed,No Entrance
||hidden|n2|other|締め切る|しめきる|to shut up
||hidden|n2|other|湿る|しめる|to be wet,to become wet,to be damp
||hidden|n2|other|ジャーナリスト|ジャーナリスト|journalist
||hidden|n2|other|社会科学|しゃかいかがく|social science
||hidden|n2|other|しゃがむ|しゃがむ|to squat
||hidden|n2|other|蛇口|じゃぐち|faucet,tap
||hidden|n2|other|弱点|じゃくてん|weak point,weakness
||hidden|n2|other|車庫|しゃこ|garage,car shed
||hidden|n2|other|車掌|しゃしょう|(train) conductor
||hidden|n2|other|写生|しゃせい|sketching,drawing from nature
||hidden|n2|other|社説|しゃせつ|editorial,leading article
||hidden|n2|other|しゃっくり|しゃっくり|hiccough,hiccup
||hidden|n2|other|シャッター|シャッター|shutter
||hidden|n2|other|しゃぶる|しゃぶる|to suck,to chew
||hidden|n2|other|車輪|しゃりん|(car) wheel
||hidden|n2|other|洒落|しゃれ|joke,pun,witticism
||hidden|n2|other|じゃんけん|じゃんけん|(n) rock-scissors-paper game
||hidden|n2|other|集会|しゅうかい|meeting,assembly
||hidden|n2|other|住居|じゅうきょ|dwelling,house,residence,address
||hidden|n2|other|集金|しゅうきん|money collection
||hidden|n2|other|集合|しゅうごう|gathering,assembly,meeting,set (math)
||hidden|n2|other|習字|しゅうじ|penmanship
||hidden|n2|other|修繕|しゅうぜん|repair,mending
||hidden|n2|other|重体|じゅうたい|seriously ill,serious condition,critical state
||hidden|n2|other|じゅうたん|（カーペット）|carpet
||hidden|n2|other|終点|しゅうてん|terminus,last stop (e.g train)
||hidden|n2|other|重点|じゅうてん|important point,lay stress on,colon,emphasis
||hidden|n2|other|就任|しゅうにん|inauguration,assumption of office
||hidden|n2|other|周辺|しゅうへん|circumference,outskirts,environs,(computer) peripheral
||hidden|n2|other|重役|じゅうやく|director,high executive
||hidden|n2|other|終了|しゅうりょう|end,close,termination
||hidden|n2|other|重量|じゅうりょう|(1) weight,(2) heavyweight boxer
||hidden|n2|other|重力|じゅうりょく|gravity
||hidden|n2|other|熟語|じゅくご|idiom,idiomatic phrase,kanji compound
||hidden|n2|other|祝日|しゅくじつ|national holiday
||hidden|n2|other|縮小|しゅくしょう|reduction,curtailment
||hidden|n2|other|受験|じゅけん|taking an examination
||hidden|n2|other|主語|しゅご|(gram) subject
||hidden|n2|other|出勤|しゅっきん|going to work,at work
||hidden|n2|other|述語|じゅつご|predicate
||hidden|n2|other|出張|しゅっちょう|official tour,business trip
||hidden|n2|other|寿命|じゅみょう|life span
||hidden|n2|other|主役|しゅやく|leading part,leading actor (actress)
||hidden|n2|other|受話器|じゅわき|(telephone) receiver
||hidden|n2|other|循環|じゅんかん|circulation,rotation,cycle
||hidden|n2|other|巡査|じゅんさ|police,policeman
||hidden|n2|other|順々|じゅんじゅん|in order,in turn
||hidden|n2|other|順序|じゅんじょ|order,sequence,procedure
||hidden|n2|other|純情|じゅんじょう|pure heart,naivete,self-sacrificing devotion
||hidden|n2|other|純粋|じゅんすい|pure,true,genuine,unmixed
||hidden|n2|other|消化|しょうか|digestion
||hidden|n2|other|小学生|しょうがくせい|grade school student
||hidden|n2|other|しょうがない|しょうがない|
||hidden|n2|other|将棋|しょうぎ|Japanese chess
||hidden|n2|other|蒸気|じょうき|steam,vapour
||hidden|n2|other|定規|じょうぎ|(measuring) ruler
||hidden|n2|other|上級|じょうきゅう|advanced level,high grade,senior
||hidden|n2|other|商業|しょうぎょう|commerce,trade,business
||hidden|n2|other|消極的|しょうきょくてき|passive
||hidden|n2|other|賞金|しょうきん|prize,monetary award
||hidden|n2|other|上下|じょうげ|high and low,up and down,unloading and loading,praising and blaming
||hidden|n2|other|障子|しょうじ|paper sliding door
||hidden|n2|other|商社|しょうしゃ|trading company,firm
||hidden|n2|other|乗車|じょうしゃ|taking a train,entraining
||hidden|n2|other|上旬|じょうじゅん|first 10 days of month
||hidden|n2|other|生ずる|しょうずる|to cause,to arise,to be generated
||hidden|n2|other|小数|しょうすう|fraction (part of),decimal
||hidden|n2|other|商店|しょうてん|shop,business firm
||hidden|n2|other|焦点|しょうてん|focus,point
||hidden|n2|other|消毒|しょうどく|disinfection,sterilization
||hidden|n2|other|勝敗|しょうはい|victory or defeat,issue (of battle)
||hidden|n2|other|蒸発|じょうはつ|evaporation,unexplained disappearance
||hidden|n2|other|賞品|しょうひん|prize,trophy
||hidden|n2|other|勝負|しょうぶ|victory or defeat,match,contest,game,bout
||hidden|n2|other|小便|しょうべん|(col) urine,piss
||hidden|n2|other|消防署|しょうぼうしょ|fire station
||hidden|n2|other|正味|しょうみ|net (weight)
||hidden|n2|other|正面|しょうめん|the front,honesty
|||n2|noun|消耗|しょうもう|exhaustion,consumption|konsumtion,förbrukning
|18||n2|noun|醤油|しょうゆ|soy sauce|soyasås
|||n2|noun|省略|しょうりゃく|omission,abbreviation,abridgment|utelämnande,förkortning
|||n2|noun|初級|しょきゅう|elementary level|grundläggande nivå
|||n2|noun|助教授|じょきょうじゅ|assistant professor|forskarassistent
||hidden|n2|other|食塩|しょくえん|table salt
||hidden|n2|other|職人|しょくにん|worker,mechanic,artisan,craftsman
||hidden|n2|other|初旬|しょじゅん|first 10 days of the month
||hidden|n2|other|書籍|しょせき|book,publication
||hidden|n2|other|食器|しょっき|tableware
||hidden|n2|other|ショップ|ショップ|a shop
||hidden|n2|other|書店|しょてん|bookshop
||hidden|n2|other|書道|しょどう|calligraphy
||hidden|n2|other|白髪|しらが|white or grey hair,trendy hair bleaching
||hidden|n2|other|知合い|しりあい|acquaintance
||hidden|n2|other|シリーズ|シリーズ|series
||hidden|n2|other|私立|しりつ|private (establishment)
||hidden|n2|other|資料|しりょう|materials,data
||hidden|n2|other|汁|しる|juice,sap,soup,broth
||hidden|n2|other|素人|しろうと|amateur,novice
||hidden|n2|other|芯|しん|core,heart,wick,marrow
||hidden|n2|other|新幹線|しんかんせん|bullet train (very high speed),shinkansen
||hidden|n2|other|真空|しんくう|vacuum,hollow,empty
||hidden|n2|other|信ずる|しんずる|to believe,to believe in,to place trust in
||hidden|n2|other|心身|しんしん|mind and body
||hidden|n2|other|申請|しんせい|application,request,petition
||hidden|n2|other|人造|じんぞう|man-made,synthetic,artificial
||hidden|n2|other|寝台|しんだい|bed,couch
||hidden|n2|other|診断|しんだん|diagnosis
||hidden|n2|other|侵入|しんにゅう|penetration,invasion,raid,aggression,trespass
||hidden|n2|other|人文科学|じんぶんかがく|social sciences,humanities
||hidden|n2|other|人命|じんめい|(human) life
||hidden|n2|other|深夜|しんや|late at night
||hidden|n2|other|森林|しんりん|forest,woods
||hidden|n2|other|親類|しんるい|relation,kin
||hidden|n2|other|針路|しんろ|course,direction,compass bearing
||hidden|n2|other|神話|しんわ|myth,legend
||hidden|n2|other|酢|す|vinegar
||hidden|n2|other|水産|すいさん|marine products,fisheries
||hidden|n2|other|炊事|すいじ|cooking,culinary arts
||hidden|n2|other|水蒸気|すいじょうき|water vapour,steam
||hidden|n2|other|水素|すいそ|hydrogen
||hidden|n2|other|垂直|すいちょく|vertical,perpendicular
||hidden|n2|other|推定|すいてい|presumption,assumption,estimation
||hidden|n2|other|水滴|すいてき|drop of water
||hidden|n2|other|水筒|すいとう|canteen,flask,water bottle
||hidden|n2|other|随筆|ずいひつ|essays,miscellaneous writings
||hidden|n2|other|水分|すいぶん|moisture
||hidden|n2|other|水平|すいへい|water level,horizon
||hidden|n2|other|水平線|すいへいせん|horizon
||hidden|n2|other|水曜|すいよう|Wednesday
||hidden|n2|other|ずうずうしい|ずうずうしい|impudent,shameless
||hidden|n2|other|ずうっと|ずうっと|
||hidden|n2|other|末っ子|すえっこ|youngest child
||hidden|n2|other|スカーフ|スカーフ|scarf
||hidden|n2|other|図鑑|ずかん|picture book
||hidden|n2|other|杉|すぎ|Japanese cedar
||hidden|n2|other|好き嫌い|すききらい|likes and dislikes,taste
||hidden|n2|other|好き好き|すきずき|matter of taste
||hidden|n2|other|透き通る|すきとおる|to be(come) transparent
||hidden|n2|other|隙間|すきま|crevice,crack,gap,opening
||hidden|n2|other|スクール|スクール|school
||hidden|n2|other|すくなくとも|すくなくとも|at least
||hidden|n2|other|図形|ずけい|figure
||hidden|n2|other|スケジュール|スケジュール|schedule
||hidden|n2|other|鈴|すず|bell
||hidden|n2|other|涼む|すずむ|to cool oneself,to cool off,to enjoy evening cool
||hidden|n2|other|スタート|スタート|start
||hidden|n2|other|スチュワーデス|スチュワーデス|stewardess
||hidden|n2|other|すっきり|すっきり|shapely,clear,neat
||hidden|n2|other|すっぱい|すっぱい|sour,acid
||hidden|n2|other|ステージ|ステージ|(1) stage,(2) performance
||hidden|n2|other|棄てる|すてる|
||hidden|n2|other|ストッキング|ストッキング|stockings
||hidden|n2|other|ストップ|ストップ|stop
||hidden|n2|other|素直|すなお|obedient,meek,docile,unaffected
||hidden|n2|other|頭脳|ずのう|head,brains,intellect
||hidden|n2|other|スピーカー|スピーカー|speaker
||hidden|n2|other|図表|ずひょう|chart,diagram,graph
||hidden|n2|other|スマート|スマート|smart,stylish,slim
||hidden|n2|other|住まい|すまい|dwelling,house,residence,address
||hidden|n2|other|すまない|すまない|sorry (phrase)
||hidden|n2|other|墨|すみ|ink
||hidden|n2|other|澄む|すむ|to clear (e.g. weather),to become transparent
||hidden|n2|other|清む|すむ|
||hidden|n2|other|相撲|すもう|sumo wrestling
||hidden|n2|other|スライド|スライド|slide
||hidden|n2|other|ずらす|ずらす|to put off,to delay
||hidden|n2|other|ずらり|ずらり|
||hidden|n2|other|掏摸|すり|pickpocket
||hidden|n2|other|刷る|する|to print
||hidden|n2|other|狡い|ずるい|sly,cunning
||hidden|n2|other|すれちがう|すれちがう|to pass by one another,to disagree
||hidden|n2|other|滑れる|ずれる|
||hidden|n2|other|寸法|すんぽう|measurement,size,dimension
||hidden|n2|other|姓|せい|surname,family name
||hidden|n2|other|税関|ぜいかん|customs house
||hidden|n2|other|製作|せいさく|manufacture,production
||hidden|n2|other|制作|せいさく|work (film, book)
||hidden|n2|other|性質|せいしつ|nature,property,disposition
||hidden|n2|other|清書|せいしょ|clean copy
||hidden|n2|other|青少年|せいしょうねん|youth,young person
||hidden|n2|other|整数|せいすう|integer
||hidden|n2|other|清掃|せいそう|cleaning
||hidden|n2|other|生存|せいぞん|existence,being,survival
||hidden|n2|other|生長|せいちょう|growth,increment
||hidden|n2|other|政党|せいとう|(member of) political party
||hidden|n2|other|生年月日|せいねんがっぴ|birth date
||hidden|n2|other|性能|せいのう|ability,efficiency
||hidden|n2|other|整備|せいび|adjustment,completion,consolidation
||hidden|n2|other|成分|せいぶん|ingredient,component,composition
||hidden|n2|other|性別|せいべつ|distinction by sex,sex,gender
||hidden|n2|other|正方形|せいほうけい|square
||hidden|n2|other|正門|せいもん|main gate,main entrance
||hidden|n2|other|成立|せいりつ|coming into existence,arrangements,establishment,completion
||hidden|n2|other|西暦|せいれき|Christian Era,anno domini (A.D.)
||hidden|n2|other|背負う|せおう|to be burdened with,to carry on back or shoulder
||hidden|n2|other|赤道|せきどう|equator
||hidden|n2|other|折角|せっかく|with trouble,at great pains,long-awaited
||hidden|n2|other|接近|せっきん|getting closer,drawing nearer,approaching
||hidden|n2|other|石鹸|せっけん|soap
||hidden|n2|other|接する|せっする|to come in contact with,to connect,to attend,to receive
||hidden|n2|other|せっせと|せっせと|
||hidden|n2|other|接続|せつぞく|(1) connection,union,join,link,(2) changing trains
||hidden|n2|other|瀬戸物|せともの|earthenware,crockery,china
||hidden|n2|other|ぜひとも|ぜひとも|by all means (with sense of not taking no for an answer)
||hidden|n2|other|迫る|せまる|to draw near,to press
||hidden|n2|other|ゼミ|ゼミ|(n) seminar
||hidden|n2|other|せめて|せめて|offense,method of attack
||hidden|n2|other|攻める|せめる|to attack,to assault
||hidden|n2|other|セメント|セメント|cement
||hidden|n2|other|栓|せん|stopper,cork,stopcock
||hidden|n2|other|前後|ぜんご|around,throughout,front and back,before and behind,before and after
||hidden|n2|other|洗剤|せんざい|detergent,washing material
||hidden|n2|other|全集|ぜんしゅう|complete works
||hidden|n2|other|全身|ぜんしん|the whole body,full-length (portrait)
||hidden|n2|other|扇子|せんす|folding fan
||hidden|n2|other|専制|せんせい|despotism,autocracy
||hidden|n2|other|先々月|せんせんげつ|month before last
||hidden|n2|other|先々週|せんせんしゅう|
||hidden|n2|other|先祖|せんぞ|ancestor
||hidden|n2|other|先端|せんたん|pointed end,tip,fine point
||hidden|n2|other|センチ|センチ|centimeter,centi-,10^-2
||hidden|n2|other|宣伝|せんでん|propaganda,publicity
||hidden|n2|other|先頭|せんとう|head,lead,vanguard,first
||hidden|n2|other|全般|ぜんぱん|(the) whole,universal,wholly,general
||hidden|n2|other|扇風機|せんぷうき|electric fan
||hidden|n2|other|線路|せんろ|line,track,roadbed
||hidden|n2|other|相違|そうい|difference,discrepancy,variation
||hidden|n2|other|そういえば|そういえば|which reminds me ..
||hidden|n2|other|雑巾|ぞうきん|house-cloth,dust cloth
||hidden|n2|other|増減|ぞうげん|increase and decrease,fluctuation
||hidden|n2|other|倉庫|そうこ|storehouse,warehouse,godown
||hidden|n2|other|相互|そうご|mutual,reciprocal
||hidden|n2|other|創作|そうさく|production,literary creation,work
||hidden|n2|other|葬式|そうしき|funeral
||hidden|n2|other|そうして|そうして|and,like that
||hidden|n2|other|造船|ぞうせん|shipbuilding
||hidden|n2|other|騒々しい|そうぞうしい|noisy,boisterous
||hidden|n2|other|増大|ぞうだい|enlargement
||hidden|n2|other|そうっと|そうっと|
||hidden|n2|other|送別|そうべつ|farewell,send-off
||hidden|n2|other|草履|ぞうり|zoori (Japanese footwear),sandals
||hidden|n2|other|総理大臣|そうりだいじん|Prime Minister
||hidden|n2|other|送料|そうりょう|postage,carriage
||hidden|n2|other|属する|ぞくする|to belong to,to come under,to be affiliated with,to be subject to
||hidden|n2|other|続々|ぞくぞく|successively,one after another
||hidden|n2|other|速達|そくたつ|express,special delivery
||hidden|n2|other|測定|そくてい|measurement
||hidden|n2|other|測量|そくりょう|measurement,surveying
||hidden|n2|other|速力|そくりょく|speed
||hidden|n2|other|素質|そしつ|character,qualities,genius
||hidden|n2|other|祖先|そせん|ancestor
||hidden|n2|other|そそっかしい|そそっかしい|careless,thoughtless
||hidden|n2|other|卒直|そっちょく|frankness,candour,openheartedness
||hidden|n2|other|具える|そなえる|to be furnished with
||hidden|n2|other|そのうえ|そのうえ|in addition,furthermore
||hidden|n2|other|そのころ|そのころ|
||hidden|n2|other|そのため|そのため|hence,for that reason
||hidden|n2|other|そのほか|そのほか|otherwise
||hidden|n2|other|蕎麦|そば|soba (buckwheat noodles)
||hidden|n2|other|剃る|そる|to shave
||hidden|n2|other|それなのに|それなのに|
||hidden|n2|other|逸れる|それる|to stray (turn) from subject,to get lost,to go astray
||hidden|n2|other|揃う|そろう|to become complete,to be equal,to be all present,to gather
||hidden|n2|other|揃える|そろえる|to put things in order,to arrange,to make uniform,to get something ready
||hidden|n2|other|算盤|そろばん|abacus
||hidden|n2|other|存じる|ぞんじる|(hum) to know
||hidden|n2|other|存ずる|ぞんずる|
||hidden|n2|other|損得|そんとく|loss and gain,advantage and disadvantage
||hidden|n2|other|田ぼ|たんぼ|paddy field,farm
||hidden|n2|other|だいいち|（副）|first,foremost,# 1
||hidden|n2|other|退院|たいいん|leaving hospital
|16||n2|noun|大学院|だいがくいん|graduate school|universitet på avancerad nivå
|||n2|noun|大工|だいく|carpenter|snickare
|||n2|noun|体系|たいけい|system,organization|system,organisation
|||n2|noun|太鼓|たいこ|drum,tambourine|trumma,slagverk
|||n2|noun|対策|たいさく|counter-plan,counter-measure|motplan,motmedel
||hidden|n2|other|大して|たいして|(not so) much,(not) very
||hidden|n2|other|対照|たいしょう|contrast,antithesis,comparison
||hidden|n2|other|大小|だいしょう|size
||hidden|n2|other|体制|たいせい|order,system,structure,set-up,organization
||hidden|n2|other|体積|たいせき|capacity,volume
||hidden|n2|other|大層|たいそう|very much,exaggerated,very fine
||hidden|n2|other|体操|たいそう|gymnastics,physical exercises,calisthenics
||hidden|n2|other|大分|だいぶん|considerably,greatly,a lot
||hidden|n2|other|大木|たいぼく|large tree
||hidden|n2|other|題名|だいめい|title
||hidden|n2|other|代名詞|だいめいし|pronoun
||hidden|n2|other|タイア|タイア|tire,tyre
||hidden|n2|other|ダイヤグラム|ダイヤグラム|diagram
||hidden|n2|other|ダイヤモンド|ダイヤモンド|diamond
||hidden|n2|other|ダイヤル|ダイヤル|dial
||hidden|n2|other|Ͼ立|たいりつ|confrontation,opposition,antagonism
||hidden|n2|other|田植え|たうえ|rice planting
||hidden|n2|other|絶えず|たえず|constantly
||hidden|n2|other|楕円|だえん|ellipse
||hidden|n2|other|高める|たかめる|to raise,to lift,to boost
||hidden|n2|other|耕す|たがやす|to till,to plow,to cultivate
||hidden|n2|other|滝|たき|waterfall
||hidden|n2|other|炊く|たく|to boil,to cook
||hidden|n2|other|焚く|たく|to burn,to kindle,to build a fire
||hidden|n2|other|蓄える|たくわえる|to store,to lay in stock
|||n2|noun|竹|たけ|bamboo,middle (of a three-tier ranking system)|bambu,mellanlagret
|18||n2|verb|助かる|たすかる|to be saved,to be rescued,to survive,to be helpful|bli räddad,överleva,bli hjälpt
|||n2|adjective|只|ただ|free of charge,mere,sole,only,usual,common|gratis,enda,vanlig
||hidden|n2|other|但し|ただし|but,however,provided that
||hidden|n2|other|畳む|たたむ|to fold (clothes)
||hidden|n2|other|立ち止まる|たちどまる|to stop,to halt,to stand still
||hidden|n2|other|たちまち|たちまち|at once,in a moment,suddenly,all at once
||hidden|n2|other|建つ|たつ|to erect,to be erected,to be built
||hidden|n2|other|発つ|たつ|to depart (on a plane, train, etc.)
||hidden|n2|other|脱線|だっせん|derailment,digression
||hidden|n2|other|妥当|だとう|valid,proper,right,appropriate
||hidden|n2|other|例える|たとえる|to compare,to liken,to speak figuratively,to illustrate,to use a simile
||hidden|n2|other|頼もしい|たのもしい|reliable,trustworthy,hopeful,promising
||hidden|n2|other|足袋|たび|tabi,Japanese socks (with split toe)
||hidden|n2|other|ダブル|ダブル|double
||hidden|n2|other|だます|だます|to trick,to cheat,to deceive
||hidden|n2|other|溜まる|たまる|to collect,to gather,to save
||hidden|n2|other|ダム|ダム|dumb
||hidden|n2|other|溜息|ためいき|a sigh
||hidden|n2|other|ためらう|ためらう|to hesitate
||hidden|n2|other|溜める|ためる|to amass,to accumulate
||hidden|n2|other|だらしない|だらしない|slovenly,loose,a slut
||hidden|n2|other|足る|たる|to be sufficient,to be enough
||hidden|n2|other|段階|だんかい|gradation,grade,stage
||hidden|n2|other|短期|たんき|short term
||hidden|n2|other|炭鉱|たんこう|coal mine,coal pit
||hidden|n2|other|短所|たんしょ|(1) defect,demerit,weak point,(2) disadvantage
||hidden|n2|other|たんす|たんす|chest of drawers
||hidden|n2|other|淡水|たんすい|fresh water
||hidden|n2|other|断水|だんすい|water outage
||hidden|n2|other|単数|たんすう|singular (number)
||hidden|n2|other|団地|だんち|multi-unit apartments
||hidden|n2|other|断定|だんてい|conclusion,decision
||hidden|n2|other|短編|たんぺん|short (e.g. story, film)
||hidden|n2|other|誓う|ちかう|to swear,to vow,to take an oath,to pledge
||hidden|n2|other|地下水|ちかすい|underground water
||hidden|n2|other|近々|ちかぢか|nearness,before long
||hidden|n2|other|近付ける|ちかづける|to bring near,to put close,to let come near,to associate with
||hidden|n2|other|近寄る|ちかよる|to approach,to draw near
||hidden|n2|other|力強い|ちからづよい|reassuring,emboldened
||hidden|n2|other|ちぎる|ちぎる|to cut up fine,to pick (fruit)
||hidden|n2|other|地質|ちしつ|geological features
||hidden|n2|other|知人|ちじん|friend,acquaintance
||hidden|n2|other|地帯|ちたい|area,zone
||hidden|n2|other|縮む|ちぢむ|to shrink,to be contracted
||hidden|n2|other|縮める|ちぢめる|to shorten,to reduce,to boil down,to shrink
||hidden|n2|other|縮れる|ちぢれる|to be wavy,to be curled
||hidden|n2|other|チップ|チップ|(1) gratuity,tip,(2) chip
||hidden|n2|other|地点|ちてん|site,point on a map
||hidden|n2|other|地名|ちめい|place name
||hidden|n2|other|茶色い|ちゃいろい|
||hidden|n2|other|着々|ちゃくちゃく|steadily
||hidden|n2|other|茶碗|ちゃわん|rice bowl,tea cup,teacup
||hidden|n2|other|中間|ちゅうかん|middle,midway,interim
||hidden|n2|other|中旬|ちゅうじゅん|second third of a month
||hidden|n2|other|抽象|ちゅうしょう|abstract
||hidden|n2|other|中世|ちゅうせい|Middle Ages,mediaeval times
||hidden|n2|other|中性|ちゅうせい|neuter gender,neutral (chem.),indifference,sterility
||hidden|n2|other|中途|ちゅうと|in the middle,half-way
||hidden|n2|other|中年|ちゅうねん|middle-aged
||hidden|n2|other|超過|ちょうか|excess,being more than
||hidden|n2|other|彫刻|ちょうこく|carving,engraving,sculpture
||hidden|n2|other|長所|ちょうしょ|(1) strong point,merit,(2) advantage
||hidden|n2|other|長女|ちょうじょ|eldest daughter
||hidden|n2|other|調整|ちょうせい|regulation,adjustment,tuning
||hidden|n2|other|調節|ちょうせつ|regulation,adjustment,control
||hidden|n2|other|長短|ちょうたん|length,long and short,+-
||hidden|n2|other|頂点|ちょうてん|top,summit
||hidden|n2|other|長男|ちょうなん|eldest son
||hidden|n2|other|長方形|ちょうほうけい|rectangle,oblong
||hidden|n2|other|調味料|ちょうみりょう|condiment,seasoning
||hidden|n2|other|チョーク|チョーク|chock,chalk
||hidden|n2|other|直後|ちょくご|immediately following
||hidden|n2|other|直線|ちょくせん|straight line
||hidden|n2|other|直前|ちょくぜん|just before
||hidden|n2|other|直通|ちょくつう|direct communication
||hidden|n2|other|直流|ちょくりゅう|direct current
||hidden|n2|other|貯蔵|ちょぞう|storage,preservation
||hidden|n2|other|直角|ちょっかく|right angle
||hidden|n2|other|直径|ちょっけい|diameter
||hidden|n2|other|散らかす|ちらかす|to scatter around,to leave untidy
||hidden|n2|other|散らかる|ちらかる|to be in disorder,to lie scattered around
||hidden|n2|other|散らす|ちらす|to scatter,to disperse,to distribute
||hidden|n2|other|塵紙|ちりがみ|tissue paper,toilet paper
||hidden|n2|other|散る|ちる|to fall,to scatter (e.g. blossoms)
||hidden|n2|other|追加|ついか|addition,supplement,appendix
||hidden|n2|other|ついで|ついで|opportunity,occasion
||hidden|n2|other|通貨|つうか|currency
||hidden|n2|other|通勤|つうきん|commuting to work
||hidden|n2|other|通ずる|つうずる|
||hidden|n2|other|通知|つうち|notice,notification
||hidden|n2|other|通帳|つうちょう|passbook
||hidden|n2|other|通訳|つうやく|interpretation
||hidden|n2|other|通用|つうよう|popular use,circulation
||hidden|n2|other|通路|つうろ|passage,pathway
||hidden|n2|other|付合う|つきあう|to associate with,to keep company with,to get on with
||hidden|n2|other|突き当たり|つきあたり|end (e.g. of street)
||hidden|n2|other|突き当たる|つきあたる|to run into,to collide with
|||n2|noun|月日|つきひ|time,years,days|tid,år,dagar
|18||n2|verb|点く|つく|to catch fire,(electricity) comes on|sättas på,ta eld
|||n2|verb|突く|つく|(1) to thrust,to strike,(2) to poke|stöta,slå,peta
|||n2|verb|次ぐ|つぐ|to rank next to,to come after|rankas precis efter,komma efter
||hidden|n2|other|作る/造る|つくる|to make,to create
||hidden|n2|other|着ける|つける|(1) to attach,to join,to add,to append
||hidden|n2|other|点ける|つける|to turn on,to switch on,to light up
||hidden|n2|other|浸ける|つける|to dip in,to soak
||hidden|n2|other|伝わる|つたわる|to be handed down,to be introduced,to be transmitted
||hidden|n2|other|突っ込む|つっこむ|to plunge into,to go into deeply
||hidden|n2|other|務める|つとめる|(1) to serve,to fill a post,to serve under,to work (for)
||hidden|n2|other|努める|つとめる|(1) to serve,to fill a post,to serve under,to work (for)
||hidden|n2|other|綱|つな|rope
||hidden|n2|other|繋がり|つながり|connection,link,relationship
||hidden|n2|other|繋がる|つながる|to be tied together,to be connected to,to be related to
||hidden|n2|other|繋げる|つなげる|to connect
||hidden|n2|other|粒|つぶ|grain
||hidden|n2|other|潰す|つぶす|to smash,to waste
||hidden|n2|other|潰れる|つぶれる|to be smashed,to go bankrupt
||hidden|n2|other|つまずく|つまずく|to stumble,to trip
||hidden|n2|other|詰まる|つまる|to be blocked,to be packed
||hidden|n2|other|積む|つむ|to pile up,to stack
||hidden|n2|other|爪|つめ|fingernail or toenail,claw,talon,hoof
||hidden|n2|other|艶|つや|gloss,glaze
||hidden|n2|other|強気|つよき|firm,strong
||hidden|n2|other|釣り合う|つりあう|to balance,to be in harmony,to suit
||hidden|n2|other|吊る|つる|to hang
||hidden|n2|other|吊す|つるす|to hang
||hidden|n2|other|出合い|であい|an encounter
||hidden|n2|other|手洗い|てあらい|restroom,lavatory,hand-washing
||hidden|n2|other|定員|ていいん|fixed number of regular personnel,capacity (of boat, etc.)
||hidden|n2|other|定価|ていか|established price
||hidden|n2|other|低下|ていか|fall,decline,lowering,deterioration
||hidden|n2|other|定期券|ていきけん|commuter pass,season ticket
||hidden|n2|other|定休日|ていきゅうび|regular holiday
||hidden|n2|other|停止|ていし|suspension,interruption,stoppage,ban
||hidden|n2|other|停車|ていしゃ|stopping (e.g. train)
||hidden|n2|other|停電|ていでん|failure of electricity
||hidden|n2|other|出入り|でいり|in and out,coming and going,free association,income and expenditure,debits and credit
||hidden|n2|other|出入口|でいりぐち|exit and entrance
||hidden|n2|other|手入れ|ていれ|repairs,maintenance
||hidden|n2|other|テーマ|テーマ|(n) theme,project,topic (de: Thema)
||hidden|n2|other|出掛ける|でかける|to depart,to set out,to start,to be going out
||hidden|n2|other|出来上がり|できあがり|be finished,ready,made for,cut out
||hidden|n2|other|出来上がる|できあがる|(1) to be finished,to be ready,by definition,(2) to be very drunk
||hidden|n2|other|的確|てきかく|precise,accurate
||hidden|n2|other|適確|てきかく|precise,accurate
||hidden|n2|other|手首|てくび|wrist
||hidden|n2|other|凸凹|でこぼこ|unevenness,roughness,ruggedness
||hidden|n2|other|手頃|てごろ|moderate,handy
||hidden|n2|other|でたらめ|でたらめ|(1) irresponsible utterance,nonsense,nonsensical,(2) random
||hidden|n2|other|手帳|てちょう|notebook
||hidden|n2|other|鉄橋|てっきょう|railway bridge,iron bridge
||hidden|n2|other|手続き|てつづき|procedure,(legal) process,formalities
||hidden|n2|other|鉄砲|てっぽう|gun
||hidden|n2|other|テニスコート|テニスコート|tennis court
||hidden|n2|other|手拭い|てぬぐい|(hand) towel
||hidden|n2|other|手前|てまえ|before,this side,we,you
||hidden|n2|other|出迎え|でむかえ|meeting,reception
||hidden|n2|other|出迎える|でむかえる|to meet,to greet
||hidden|n2|other|照らす|てらす|to shine on,to illuminate
||hidden|n2|other|照る|てる|to shine
||hidden|n2|other|展開|てんかい|develop,expansion (opposite of compression)
||hidden|n2|other|伝記|でんき|biography,life story
||hidden|n2|other|電球|でんきゅう|light bulb
||hidden|n2|other|点数|てんすう|marks,points,score,runs
||hidden|n2|other|伝染|でんせん|contagion
||hidden|n2|other|電池|でんち|battery
||hidden|n2|other|点々|てんてん|here and there,little by little
||hidden|n2|other|転々|てんてん|
||hidden|n2|other|電柱|でんちゅう|telephone pole,telegraph pole,lightpole
||hidden|n2|other|天皇|てんのう|Emperor of Japan
||hidden|n2|other|電波|でんぱ|electro-magnetic wave
||hidden|n2|other|テンポ|テンポ|tempo
||hidden|n2|other|電流|でんりゅう|electric current
||hidden|n2|other|電力|でんりょく|electric power
||hidden|n2|other|問い合わせ|といあわせ|enquiry,ENQ
||hidden|n2|other|銅|どう|copper
||hidden|n2|other|統一|とういつ|unity,consolidation,uniformity
||hidden|n2|other|同格|どうかく|the same rank,equality,apposition
||hidden|n2|other|峠|とうげ|ridge,(mountain) pass,difficult part
||hidden|n2|other|統計|とうけい|scattering,a scatter,dispersion
||hidden|n2|other|動作|どうさ|action,movements,motions,bearing,behaviour,manners
||hidden|n2|other|東西|とうざい|East and West,whole country
||hidden|n2|other|当日|とうじつ|appointed day,very day
||hidden|n2|other|投書|とうしょ|letter to the editor,letter from a reader,contribution
||hidden|n2|other|登場|とうじょう|entry (on stage)
||hidden|n2|other|どうせ|どうせ|anyhow,in any case,at any rate
||hidden|n2|other|どうぞよろしく|どうぞよろしく|pleased to meet you
||hidden|n2|other|灯台|とうだい|lighthouse
||hidden|n2|other|盗難|とうなん|theft,robbery
||hidden|n2|other|当番|とうばん|being on duty
||hidden|n2|other|等分|とうぶん|division into equal parts
||hidden|n2|other|透明|とうめい|transparency,cleanness
||hidden|n2|other|灯油|とうゆ|lamp oil,kerosene
||hidden|n2|other|東洋|とうよう|Orient
||hidden|n2|other|童話|どうわ|fairy tale
||hidden|n2|other|通り掛かる|とおりかかる|to happen to pass by
||hidden|n2|other|溶かす|とかす|to melt,to dissolve
||hidden|n2|other|尖る|とがる|to taper to a point,to become sharp,to be sour,to look displeased
||hidden|n2|other|どきどき|どきどき|throb,beat (fast)
||hidden|n2|other|溶く|とく|to dissolve (paint)
||hidden|n2|other|退く|どく|(1) to retreat,to recede,to withdraw
||hidden|n2|other|特殊|とくしゅ|special,unique
||hidden|n2|other|特色|とくしょく|characteristic,feature
||hidden|n2|other|特長|とくちょう|forte,merit
||hidden|n2|other|特定|とくてい|specific,special,particular
||hidden|n2|other|特売|とくばい|special sale
||hidden|n2|other|溶け込む|とけこむ|to melt into
||hidden|n2|other|溶ける|とける|to melt,to thaw,to fuse,to dissolve
||hidden|n2|other|退ける|どける|to remove,to take away,to dislodge,to put something out of the way
||hidden|n2|other|床の間|とこのま|alcove
||hidden|n2|other|床屋|とこや|barber
||hidden|n2|other|所々|ところどころ|here and there,some parts (of something)
||hidden|n2|other|都心|としん|heart (of city)
||hidden|n2|other|戸棚|とだな|cupboard,locker,closet,wardrobe
||hidden|n2|other|とっくに|とっくに|long ago,already,a long time ago
||hidden|n2|other|どっと|どっと|suddenly
||hidden|n2|other|整う|ととのう|to be prepared,to be in order,to be put in order,to be arranged
||hidden|n2|other|留まる|とどまる|(1) to be fixed,(2) to abide,to stay (in the one place)
||hidden|n2|other|どなる|どなる|to shout,to yell
||hidden|n2|other|飛び込む|とびこむ|to jump in,to leap in,to plunge into,to dive
||hidden|n2|other|跳ぶ|とぶ|to jump,to fly,to leap
||hidden|n2|other|留まる|とまる|(1) to be fixed,(2) to abide,to stay (in the one place)
||hidden|n2|other|泊める|とめる|to give shelter to,to lodge
||hidden|n2|other|ともかく|ともかく|anyhow,anyway,somehow or other,generally speaking,in any case
||hidden|n2|other|捕える|とらえる|to seize,to grasp,to capture,to arrest
||hidden|n2|other|取り入れる|とりいれる|to harvest,to take in,to adopt
||hidden|n2|other|取り消す|とりけす|to cancel
||hidden|n2|other|取り出す|とりだす|to take out,to produce,to pick out
||hidden|n2|other|採る|とる|(1) to adopt (measure, proposal),(2) to pick (fruit)
||hidden|n2|other|捕る|とる|to take,to catch (fish),to capture
||hidden|n2|other|トレーニング|トレーニング|training
||hidden|n2|other|丼|どんぶり|porcelain bowl,bowl of rice with food on top
||hidden|n2|other|内科|ないか|internist clinic,internal medicine
||hidden|n2|other|内線|ないせん|phone extension,indoor wiring,inner line
||hidden|n2|other|ナイロン|ナイロン|nylon
||hidden|n2|other|治す|なおす|to cure,to heal,to fix,to correct,to repair
||hidden|n2|other|永い|ながい|long,lengthy
||hidden|n2|other|仲直り|なかなおり|reconciliation,make peace with
||hidden|n2|other|長引く|ながびく|to be prolonged,to drag on
||hidden|n2|other|中身|なかみ|contents,interior,substance,filling,(sword) blade
||hidden|n2|other|中味|なかみ|contents,interior,substance,filling,(sword) blade
||hidden|n2|other|中指|なかゆび|middle finger
||hidden|n2|other|仲良し|なかよし|intimate friend,bosom buddy,chum
||hidden|n2|other|慰める|なぐさめる|to comfort,to console
||hidden|n2|other|亡くす|なくす|to lose someone, wife, child, etc
||hidden|n2|other|なぐる|なぐる|to strike,to hit
||hidden|n2|other|為す|なす|to accomplish,to do
||hidden|n2|other|謎謎|なぞなぞ|riddle,puzzle,enigma
||hidden|n2|other|傾らか|なだらか|
||hidden|n2|other|懐かしい|なつかしい|dear,desired,missed
||hidden|n2|other|撫でる|なでる|to brush gently,to stroke
||hidden|n2|other|斜め|ななめ|obliqueness
||hidden|n2|other|なにしろ|なにしろ|at any rate,anyhow,anyway,in any case
||hidden|n2|other|何々|なになに|such and such,What?
||hidden|n2|other|何分|なにぶん|what minute?,how many minutes?
||hidden|n2|other|生意気|なまいき|impertinent,saucy,cheeky,conceit,audacious,brazen
||hidden|n2|other|並木|なみき|roadside tree,row of trees
||hidden|n2|other|倣う|ならう|to imitate,to follow,to emulate
||hidden|n2|other|鳴らす|ならす|to ring,to sound,to chime,to beat,to snort (nose)
||hidden|n2|other|生る|なる|to bear fruit
||hidden|n2|other|馴れる|なれる|to become domesticated,to become tame
||hidden|n2|other|南極|なんきょく|south pole,Antarctic
||hidden|n2|other|なんとなく|なんとなく|somehow or other,for some reason or another
||hidden|n2|other|なんとも|なんとも|nothing (with neg. verb),quite,not a bit
||hidden|n2|other|ナンバー|ナンバー|number
||hidden|n2|other|南米|なんべい|South America
||hidden|n2|other|南北|なんぼく|south and north
||hidden|n2|other|煮える|にえる|to boil,to cook,to be cooked
||hidden|n2|other|匂う|におう|to be fragrant,to smell,to stink
||hidden|n2|other|逃がす|にがす|to let loose,to set free,to let escape
||hidden|n2|other|憎い|にくい|hateful,abominable,poor-looking,detestable
||hidden|n2|other|憎む|にくむ|to hate,to detest
||hidden|n2|other|憎らしい|にくらしい|odious,hateful
||hidden|n2|other|にこにこ|にこにこ|
||hidden|n2|other|濁る|にごる|to become muddy,to get impure
||hidden|n2|other|虹|にじ|rainbow
||hidden|n2|other|日時|にちじ|date and time
||hidden|n2|other|日用品|にちようひん|daily necessities
||hidden|n2|other|日課|にっか|daily lesson,daily work,daily routine
||hidden|n2|other|日程|にってい|agenda
||hidden|n2|other|鈍い|にぶい|dull (e.g. a knife),thickheaded,slow (opposite of fast),stupid
||hidden|n2|other|入社|にゅうしゃ|entry to a company
||hidden|n2|other|女房|にょうぼう|wife
||hidden|n2|other|睨む|にらむ|to glare at,to scowl at,to keep an eye on
||hidden|n2|other|煮る|にる|to boil,to cook
||hidden|n2|other|俄|にわか|sudden,abrupt,unexpected,improvised,offhand
||hidden|n2|other|縫う|ぬう|to sew
||hidden|n2|other|濡らす|ぬらす|to wet,to soak,to dip
||hidden|n2|other|ねじ|ねじ|(a) screw
||hidden|n2|other|捩る|ねじる|to twist
||hidden|n2|other|ネックレス|ネックレス|necklace
||hidden|n2|other|熱する|ねっする|to heat
||hidden|n2|other|寝間着|ねまき|sleep-wear,nightclothes,pyjamas,nightgown,nightdress
||hidden|n2|other|寝巻|ねまき|sleep-wear,nightclothes,pyjamas,nightgown,nightdress
||hidden|n2|other|狙い|ねらい|aim
||hidden|n2|other|狙う|ねらう|to aim at
||hidden|n2|other|年度|ねんど|year,fiscal year,school year,term
||hidden|n2|other|農産物|のうさんぶつ|agricultural produce
||hidden|n2|other|農村|のうそん|agricultural community,farm village,rural
||hidden|n2|other|濃度|のうど|concentration,brightness
||hidden|n2|other|農薬|のうやく|agricultural chemicals
||hidden|n2|other|能率|のうりつ|efficiency
||hidden|n2|other|のこぎり|のこぎり|saw
||hidden|n2|other|残らず|のこらず|all,entirely,completely,without exception
||hidden|n2|other|載せる|のせる|to place on (something),to take on board,to give a ride
||hidden|n2|other|覗く|のぞく|to peep in,to look in,to peek in,to stick out
||hidden|n2|other|延ばす|のばす|to lengthen,to stretch,to reach out,to grow (beard)
||hidden|n2|other|延びる|のびる|to be prolonged
||hidden|n2|other|上り|のぼり|up-train (going to Tokyo),ascent
||hidden|n2|other|上る|のぼる|to ascend,to go up,to climb
||hidden|n2|other|糊|のり|paste,starch
||hidden|n2|other|乗換|のりかえ|(n) transfer (trains, buses, etc.)
||hidden|n2|other|載る|のる|to appear (in print),to be recorded
||hidden|n2|other|鈍い|のろい|dull (e.g. a knife),thickheaded,slow (opposite of fast),stupid
||hidden|n2|other|のろのろ|のろのろ|slowly,sluggishly
||hidden|n2|other|呑気|のんき|carefree,optimistic,careless,reckless,heedless
||hidden|n2|other|灰色|はいいろ|grey,gray,ashen
||hidden|n2|other|俳句|はいく|haiku poetry
||hidden|n2|other|拝見|はいけん|(hum) (pol) seeing,look at
||hidden|n2|other|売店|ばいてん|shop,stand
||hidden|n2|other|バイバイ|バイバイ|
||hidden|n2|other|売買|ばいばい|trade,buying and selling
||hidden|n2|other|這う|はう|to creep,to crawl
||hidden|n2|other|生える|はえる|(1) to grow,to spring up,(2) to cut (teeth)
||hidden|n2|other|剥す|はがす|(v5s) to tear off,to peel off,to rip off
||hidden|n2|other|ばからしい|ばからしい|absurd
||hidden|n2|other|秤|はかり|scales,weighing machine
||hidden|n2|other|量る|はかる|to measure,to weigh,to survey
||hidden|n2|other|測る|はかる|to measure,to weigh,to survey
||hidden|n2|other|吐き気|はきけ|nausea,sickness in the stomach
||hidden|n2|other|はきはき|はきはき|lucidly
||hidden|n2|other|掃く|はく|to sweep,to brush,to gather up
||hidden|n2|other|歯車|はぐるま|gear,cog-wheel
||hidden|n2|other|バケツ|バケツ|bucket,pail
||hidden|n2|other|挟まる|はさまる|to get between,to be caught in
||hidden|n2|other|挟む|はさむ|to interpose,to hold between,to insert
||hidden|n2|other|箸|はし|chopsticks
||hidden|n2|other|梯子|はしご|ladder,stairs
||hidden|n2|other|始めに|はじめに|to begin with,first of all
||hidden|n2|other|初めに|はじめに|
||hidden|n2|other|はじめまして|はじめまして|How do you do?,I am glad to meet you
||hidden|n2|other|斜|はす|
||hidden|n2|other|外れる|はずれる|to be disconnected,to get out of place,to be off,to be out (e.g. of gear)
||hidden|n2|other|パターン|パターン|pattern
||hidden|n2|other|肌着|はだぎ|underwear
||hidden|n2|other|果して|はたして|as was expected,really
||hidden|n2|other|鉢|はち|a bowl,a pot
||hidden|n2|other|×|ばつ|
||hidden|n2|other|発揮|はっき|exhibition,demonstration,utilization,display
||hidden|n2|other|バック|バック|back
||hidden|n2|other|発射|はっしゃ|firing,shooting,discharge,catapult
||hidden|n2|other|発想|はっそう|expression (music),conceptualization
||hidden|n2|other|発電|はつでん|generation (e.g. power)
||hidden|n2|other|発売|はつばい|sale
||hidden|n2|other|派手|はで|showy,loud,gay,flashy,gaudy
||hidden|n2|other|話合い|はなしあい|discussion,conference
||hidden|n2|other|話し掛ける|はなしかける|to accost a person,to talk (to someone)
||hidden|n2|other|話中|はなしちゅう|while talking,the line is busy
||hidden|n2|other|甚だしい|はなはだしい|extreme,excessive,terrible
||hidden|n2|other|花火|はなび|fireworks
||hidden|n2|other|花嫁|はなよめ|bride
||hidden|n2|other|放れる|はなれる|to leave,to get free,to cut oneself off
||hidden|n2|other|羽根|はね|shuttlecock
||hidden|n2|other|ばね|ばね|spring (e.g. coil, leaf)
||hidden|n2|other|跳ねる|はねる|to jump,to leap
||hidden|n2|other|破片|はへん|fragment,splinter,broken piece
||hidden|n2|other|歯磨き|はみがき|dentifrice,toothpaste
||hidden|n2|other|はめる|はめる|(col) to get in,to insert,to put on,to make love
||hidden|n2|other|早口|はやくち|fast-talking
||hidden|n2|other|流行る|はやる|to flourish,to thrive,to be popular,to come into fashion
||hidden|n2|other|払い込む|はらいこむ|to deposit,to pay in
||hidden|n2|other|払い戻す|はらいもどす|to repay,to pay back
||hidden|n2|other|バランス|バランス|balance
||hidden|n2|other|針金|はりがね|wire
||hidden|n2|other|張り切る|はりきる|to be in high spirits,to be full of vigor
||hidden|n2|other|反映|はんえい|reflection,influence
||hidden|n2|other|半径|はんけい|radius
||hidden|n2|other|判子|はんこ|seal (used for signature)
||hidden|n2|other|万歳|ばんざい|hurrah, cheers
||hidden|n2|other|判事|はんじ|judge,judiciary
||hidden|n2|other|反省|はんせい|reflection,reconsideration,introspection,meditation,contemplation
||hidden|n2|other|番地|ばんち|house number,address
||hidden|n2|other|パンツ|パンツ|underpants
||hidden|n2|other|バンド|バンド|band
||hidden|n2|other|半島|はんとう|peninsula
||hidden|n2|other|ハンドル|ハンドル|handle,steering wheel
||hidden|n2|other|日当たり|ひあたり|exposure to the sun,sunny place
||hidden|n2|other|日帰り|ひがえり|day trip
||hidden|n2|other|比較的|ひかくてき|comparatively,relatively
||hidden|n2|other|日陰|ひかげ|shadow
||hidden|n2|other|ぴかぴか|ぴかぴか|glitter,sparkle
||hidden|n2|other|引受る|ひきうける|to undertake,to take up,to take over
||hidden|n2|other|引返す|ひきかえす|to repeat,to send back,to bring back
||hidden|n2|other|引算|ひきざん|subtraction
||hidden|n2|other|引出す|ひきだす|to pull out,to take out,to draw out,to withdraw
||hidden|n2|other|引き止める|ひきとめる|to detain,to check,to restrain
||hidden|n2|other|卑怯|ひきょう|cowardice,meanness,unfairness
||hidden|n2|other|引分け|ひきわけ|a draw (in competition),tie game
||hidden|n2|other|髭|ひげ|moustache,beard,whiskers
||hidden|n2|other|陽射|ひざし|sunlight,rays of the sun
||hidden|n2|other|肘|ひじ|elbow
||hidden|n2|other|ピストル|ピストル|pistol
||hidden|n2|other|ビタミン|ビタミン|vitamin
||hidden|n2|other|ぴたり|ぴたり|
||hidden|n2|other|引っ掛かる|ひっかかる|to be caught in,to be stuck in,to be cheated
||hidden|n2|other|筆記|ひっき|(taking) notes,copying
||hidden|n2|other|引っ繰り返す|ひっくりかえす|to turn over,to overturn,to knock over,to upset,to turn inside out
||hidden|n2|other|引っ繰り返る|ひっくりかえる|to be overturned,to be upset,to topple over,to be reversed
||hidden|n2|other|引越し|ひっこし|moving (dwelling etc.),changing residence
||hidden|n2|other|引っ込む|ひっこむ|to draw back,to sink,to cave in
||hidden|n2|other|筆者|ひっしゃ|writer,author
||hidden|n2|other|必需品|ひつじゅひん|necessities,necessary article,requisite,essential
||hidden|n2|other|人差指|ひとさしゆび|index finger
||hidden|n2|other|一通り|ひととおり|ordinary,usual,in general,briefly
||hidden|n2|other|人通り|ひとどおり|pedestrian traffic
||hidden|n2|other|ひとまず|ひとまず|for the present,once,in outline
||hidden|n2|other|瞳|ひとみ|pupil (of eye)
||hidden|n2|other|一休み|ひとやすみ|a rest
||hidden|n2|other|独り言|ひとりごと|a soliloquy,a monologue,speaking to oneself
||hidden|n2|other|ひとりでに|ひとりでに|by itself,automatically,naturally
||hidden|n2|other|ビニール|ビニール|vinyl
||hidden|n2|other|皮肉|ひにく|cynicism,sarcasm
||hidden|n2|other|日日|ひにち|every day,daily,day after day
||hidden|n2|other|捻る|ひねる|to turn (a switch) on or off,to twist,to puzzle over
||hidden|n2|other|日の入り|ひのいり|sunset
||hidden|n2|other|日の出|ひので|sunrise
||hidden|n2|other|響き|ひびき|echo,sound,reverberation,noise
||hidden|n2|other|響く|ひびく|to resound
||hidden|n2|other|皮膚|ひふ|skin
||hidden|n2|other|冷やす|ひやす|to cool,to refrigerate
||hidden|n2|other|ひゃっかじてん|ひゃっかじてん|encyclopedia
||hidden|n2|other|美容|びよう|beauty of figure or form
||hidden|n2|other|表紙|ひょうし|front cover,binding
||hidden|n2|other|標識|ひょうしき|sign,mark
||hidden|n2|other|標準|ひょうじゅん|standard,level
||hidden|n2|other|標本|ひょうほん|example,specimen
||hidden|n2|other|評論|ひょうろん|criticism,critique
||hidden|n2|other|平仮名|ひらがな|hiragana,47 syllables,the cursive syllabary
||hidden|n2|other|ビルディング|ビルディング|building
||hidden|n2|other|昼寝|ひるね|nap (at home),siesta
||hidden|n2|other|広げる|ひろげる|to spread,to extend,to expand,to enlarge
||hidden|n2|other|広さ|ひろさ|extent
||hidden|n2|other|広場|ひろば|plaza
||hidden|n2|other|広々|ひろびろ|extensive,spacious
||hidden|n2|other|広める|ひろめる|to broaden,to propagate
||hidden|n2|other|ピンク|ピンク|pink
||hidden|n2|other|便箋|びんせん|writing paper,stationery
||hidden|n2|other|瓶詰|びんづめ|bottling,bottled
||hidden|n2|other|ファスナー|ファスナー|fastener,zipper
||hidden|n2|other|風船|ふうせん|balloon
||hidden|n2|other|不運|ふうん|unlucky,misfortune,bad luck,fate
||hidden|n2|other|殖える|ふえる|to increase,to multiply
||hidden|n2|other|深まる|ふかまる|to deepen,to heighten,to intensify
||hidden|n2|other|不規則|ふきそく|irregularity,unsteadiness,disorderly
||hidden|n2|other|普及|ふきゅう|diffusion,spread
||hidden|n2|other|付近|ふきん|neighbourhood,vicinity,environs
||hidden|n2|other|拭く|ふく|to wipe,to dry
||hidden|n2|other|副詞|ふくし|adverb
||hidden|n2|other|複写|ふくしゃ|copy,duplicate
||hidden|n2|other|複数|ふくすう|plural,multiple
||hidden|n2|other|含める|ふくめる|to include,to instruct,to make one understand
||hidden|n2|other|膨らます|ふくらます|to swell,to expand,to inflate,to bulge
||hidden|n2|other|膨らむ|ふくらむ|to expand,to swell (out),to get big,to become inflated
||hidden|n2|other|不潔|ふけつ|unclean,dirty,filthy,impure
||hidden|n2|other|更ける|ふける|to get late,to advance,to wear on
||hidden|n2|other|符号|ふごう|sign,mark,symbol
||hidden|n2|other|夫妻|ふさい|man and wife,married couple
||hidden|n2|other|塞がる|ふさがる|to be plugged up,to be shut up
||hidden|n2|other|塞ぐ|ふさぐ|to stop up,to close up,to block (up)
||hidden|n2|other|ふざける|ふざける|to romp,to gambol,to frolic,to joke
||hidden|n2|other|無沙汰|ぶさた|neglecting to stay in contact
||hidden|n2|other|武士|ぶし|warrior,samurai
||hidden|n2|other|部首|ぶしゅ|radical (of a kanji character)
||hidden|n2|other|襖|ふすま|sliding screen
||hidden|n2|other|附属|ふぞく|attached,belonging,affiliated
||hidden|n2|other|蓋|ふた|cover,lid,cap
||hidden|n2|other|不通|ふつう|suspension,interruption,stoppage,tie-up,cessation
||hidden|n2|other|ぶつかる|ぶつかる|to strike,to collide with
||hidden|n2|other|ぶつける|ぶつける|to knock,to run into,to nail on,to strike hard,to hit and attack
||hidden|n2|other|物騒|ぶっそう|dangerous,disturbed,insecure
||hidden|n2|other|ぶつぶつ|ぶつぶつ|grumbling,complaining in a small voice
||hidden|n2|other|船便|ふなびん|surface mail (ship)
||hidden|n2|other|部品|ぶひん|parts,accessories
||hidden|n2|other|吹雪|ふぶき|snow storm
||hidden|n2|other|父母|ふぼ|father and mother,parents
||hidden|n2|other|踏切|ふみきり|railway crossing,level crossing,starting line,scratch,crossover
||hidden|n2|other|麓|ふもと|the foot,the bottom,the base (of a mountain)
||hidden|n2|other|増やす|ふやす|to increase,to add to,to augment
||hidden|n2|other|殖やす|ふやす|to increase,to add to,to augment
||hidden|n2|other|フライパン|フライパン|fry pan,frying pan
||hidden|n2|other|ブラウス|ブラウス|blouse
||hidden|n2|other|ぶらさげる|ぶらさげる|to hang,to suspend,to dangle,to swing
||hidden|n2|other|ブラシ|ブラシ|brushy,brush
||hidden|n2|other|プラスチック|プラスチック|plastic
||hidden|n2|other|プラットホーム|プラットホーム|platform
||hidden|n2|other|フリー|フリー|free
||hidden|n2|other|振り仮名|ふりがな|,pronunciation key
||hidden|n2|other|プリント|プリント|print,handout
||hidden|n2|other|振舞う|ふるまう|to behave,to conduct oneself,to entertain (vt)
||hidden|n2|other|ブローチ|ブローチ|brooch
||hidden|n2|other|プログラム|プログラム|program
||hidden|n2|other|風呂敷|ふろしき|wrapping cloth,cloth wrapper
||hidden|n2|other|ふわふわ|ふわふわ|light,soft
||hidden|n2|other|噴火|ふんか|eruption
||hidden|n2|other|分解|ぶんかい|analysis,disassembly
||hidden|n2|other|文芸|ぶんげい|literature,art and literature,belles-lettres
||hidden|n2|other|文献|ぶんけん|literature,books (reference)
||hidden|n2|other|噴水|ふんすい|water fountain
||hidden|n2|other|分数|ぶんすう|fraction (in math)
||hidden|n2|other|文体|ぶんたい|literary style
||hidden|n2|other|分布|ぶんぷ|distribution
||hidden|n2|other|文房具|ぶんぼうぐ|stationery
||hidden|n2|other|文脈|ぶんみゃく|context
||hidden|n2|other|分量|ぶんりょう|amount,quantity
||hidden|n2|other|分類|ぶんるい|classification
||hidden|n2|other|閉会|へいかい|closure
||hidden|n2|other|平気|へいき|coolness,calmness,composure,unconcern
||hidden|n2|other|並行|へいこう|(going) side by side,concurrent,abreast,at the same time
||hidden|n2|other|平日|へいじつ|weekday,ordinary days
||hidden|n2|other|兵隊|へいたい|soldier,sailor
||hidden|n2|other|平凡|へいぼん|common,commonplace,ordinary,mediocre
||hidden|n2|other|平野|へいや|plain,open field
||hidden|n2|other|凹む|へこむ|to be dented,to be indented,to yield to,to give,to sink,to collapse,to cave in,to be snubbed
||hidden|n2|other|へそ|へそ|navel,belly-button
||hidden|n2|other|隔てる|へだてる|to be shut out
||hidden|n2|other|別荘|べっそう|holiday house,villa
||hidden|n2|other|別々|べつべつ|separately,individually
||hidden|n2|other|ベテラン|ベテラン|veteran
||hidden|n2|other|ヘリコプター|ヘリコプター|helicopter
||hidden|n2|other|へる|へる|to decrease (in size or number),to diminish,to abate
||hidden|n2|other|ぺん|ぺん|pen
||hidden|n2|other|編集|へんしゅう|editing,compilation,editorial (e.g. committee)
||hidden|n2|other|便所|べんじょ|toilet,lavatory,rest room,latrine,comfort station
||hidden|n2|other|ペンチ|ペンチ|(abbr) pliers (lit: pinchers)
||hidden|n2|other|望遠鏡|ぼうえんきょう|telescope
||hidden|n2|other|方角|ほうがく|direction,way,compass point
||hidden|n2|other|箒|ほうき|(n) broom
||hidden|n2|other|方言|ほうげん|dialect
||hidden|n2|other|坊さん|ぼうさん|Buddhist priest,monk
||hidden|n2|other|防止|ぼうし|prevention,check
||hidden|n2|other|方針|ほうしん|objective,plan,policy
||hidden|n2|other|包装|ほうそう|packing,wrapping
||hidden|n2|other|法則|ほうそく|law,rule
||hidden|n2|other|包帯|ほうたい|bandage,dressing
||hidden|n2|other|膨大|ぼうだい|huge,bulky,enormous,extensive,swelling,expansion
||hidden|n2|other|庖丁|ほうちょう|kitchen knife,carving knife
||hidden|n2|other|方程式|ほうていしき|equation
||hidden|n2|other|防犯|ぼうはん|prevention of crime
||hidden|n2|other|方面|ほうめん|direction,district,field (e.g., of study)
||hidden|n2|other|坊や|ぼうや|boy
||hidden|n2|other|放る|ほうる|to let go
||hidden|n2|other|ボーナス|ボーナス|bonus
||hidden|n2|other|朗らか|ほがらか|brightness,cheerfulness,melodious
||hidden|n2|other|牧場|ぼくじょう|(1) farm (livestock),(2) pasture land,meadow,grazing land
||hidden|n2|other|牧畜|ぼくちく|stock-farming
||hidden|n2|other|保健|ほけん|health preservation,hygiene,sanitation
||hidden|n2|other|募集|ぼしゅう|recruiting,taking applications
||hidden|n2|other|干す|ほす|to air,to dry,to desiccate,to drain (off),to drink up
||hidden|n2|other|ポスター|ポスター|poster
||hidden|n2|other|北極|ほっきょく|North Pole
||hidden|n2|other|坊っちゃん|ぼっちゃん|son (of others)
||hidden|n2|other|ほどく|ほどく|to unfasten
||hidden|n2|other|堀|ほり|moat,canal
||hidden|n2|other|掘る|ほる|to dig,to excavate
||hidden|n2|other|彫る|ほる|to carve,to engrave,to sculpture,to chisel
||hidden|n2|other|ぼろ|ぼろ|rag,scrap,tattered clothes,fault (esp. in a pretense)
||hidden|n2|other|盆|ぼん|Lantern Festival,Festival of the Dead,tray
||hidden|n2|other|盆地|ぼんち|basin (e.g. between mountains)
||hidden|n2|other|本部|ほんぶ|headquarters
||hidden|n2|other|本来|ほんらい|essentially,naturally,by nature
||hidden|n2|other|まあまあ|まあまあ|so-so
||hidden|n2|other|枚数|まいすう|the number of flat things
||hidden|n2|other|毎度|まいど|each time,common service-sector greeting
||hidden|n2|other|マイナス|マイナス|minus
||hidden|n2|other|巻く|まく|to wind,to coil,to roll
||hidden|n2|other|蒔く|まく|to sow (seeds)
||hidden|n2|other|撒く|まく|to scatter,to sprinkle,to sow
||hidden|n2|other|枕|まくら|pillow,bolster
||hidden|n2|other|曲げる|まげる|to bend,to crook,to lean
||hidden|n2|other|まごまご|まごまご|confused
||hidden|n2|other|摩擦|まさつ|friction,rubbing,rubdown,chafe
||hidden|n2|other|混ざる|まざる|to be mixed,to be blended with,to associate with,to mingle with,to join
||hidden|n2|other|交ざる|まざる|to be mixed,to be blended with,to associate with,to mingle with,to join
||hidden|n2|other|混じる|まじる|to be mixed,to be blended with,to associate with
||hidden|n2|other|交じる|まじる|to be mixed,to be blended with,to associate with
||hidden|n2|other|マスク|マスク|mask
||hidden|n2|other|混ぜる|まぜる|to mix,to stir
||hidden|n2|other|交ぜる|まぜる|to be mixed,to be blended with
||hidden|n2|other|またぐ|またぐ|to straddle
||hidden|n2|other|又は|または|or,otherwise
||hidden|n2|other|待合室|まちあいしつ|waiting room
||hidden|n2|other|待ち合わせる|まちあわせる|to rendezvous,to meet at a prearranged place and time
||hidden|n2|other|街角|まちかど|street corner
||hidden|n2|other|真っ暗|まっくら|total darkness,shortsightedness,pitch dark
||hidden|n2|other|真っ黒|まっくろ|pitch black
||hidden|n2|other|真っ青|まっさお|deep blue,ghastly pale
||hidden|n2|other|真っ先|まっさき|the head,the foremost,beginning
||hidden|n2|other|真っ白|まっしろ|pure white
||hidden|n2|other|祭る|まつる|to deify,to enshrine
||hidden|n2|other|窓口|まどぐち|ticket window
||hidden|n2|other|纏まる|まとまる|to be collected,to be settled,to be in order
||hidden|n2|other|纏める|まとめる|to put in order,to collect,to bring to a conclusion
||hidden|n2|other|真似る|まねる|to mimic,to imitate
|||n2|adjective|まぶしい|まぶしい|dazzling,radiant|bländande,skinande
|||n2|noun|まぶた|まぶた|eyelids|ögonlock
|14||n2|noun|マフラー|マフラー|muffler,scarf|halsduk
|||n2|adverb|間も無く|まもなく|soon,before long,in a short time|snart,inom kort
|||n2|noun|マラソン|マラソン|marathon|maraton
|||n2|adjective|円い|まるい|round,circular,spherical|rund,sfärisk
|||n2|adverb|稀|まれ|rare,seldom|sällan
|||n2|noun|回り道|まわりみち|detour|omväg
|||n2|adjective|満員|まんいん|full house,no vacancy,sold out|utsålt
|14||n2|other|マンション|マンション|large apartment,apartment house|flervåningslägenhet
|||n2|noun|満点|まんてん|perfect score|full pott
|||n2|verb|見送る|みおくる|(1) to see off,to farewell,(2) to escort,(3) to let pass|vinka av,eskortera,släppa förbi
||hidden|n2|other|見下ろす|みおろす|to overlook,to command a view of,to look down on something
||hidden|n2|other|見掛け|みかけ|outward appearance
||hidden|n2|other|三日月|みかづき|new moon,crescent moon
||hidden|n2|other|岬|みさき|cape (on coast)
||hidden|n2|other|みじめ|みじめ|(arch) sad,pitiful,wretched
||hidden|n2|other|ミシン|ミシン|sewing machine
||hidden|n2|other|店屋|みせや|store,shop
||hidden|n2|other|見出し|みだし|heading,caption,subtitle,index
||hidden|n2|other|道順|みちじゅん|itinerary,route
||hidden|n2|other|見付かる|みつかる|to be found,to be discovered
||hidden|n2|other|見付ける|みつける|to be familiar,to discover,to detect
||hidden|n2|other|みっともない|みっともない|shameful,indecent
||hidden|n2|other|見直す|みなおす|to look again,to get a better opinion of
||hidden|n2|other|見慣れる|みなれる|to become used to seeing,to be familiar with
||hidden|n2|other|醜い|みにくい|ugly
||hidden|n2|other|実る|みのる|to bear fruit,to ripen
||hidden|n2|other|身分|みぶん|social position,social status
||hidden|n2|other|見本|みほん|sample
||hidden|n2|other|見舞う|みまう|to ask after (health),to visit
||hidden|n2|other|未満|みまん|less than,insufficient
||hidden|n2|other|名字|みょうじ|surname,family name
||hidden|n2|other|ミリ|（メートル）|milli-,10^-3
||hidden|n2|other|診る|みる|to examine (medical)
||hidden|n2|other|民間|みんかん|private,civilian,civil,popular,folk,unofficial
||hidden|n2|other|民謡|みんよう|folk song,popular song
||hidden|n2|other|向う|むかう|(v5u) to face,to go towards
||hidden|n2|other|剥く|むく|to peel,to skin,to pare,to hull
||hidden|n2|other|無限|むげん|infinite
||hidden|n2|other|無地|むじ|plain,unfigured
||hidden|n2|other|蒸し暑い|むしあつい|humid,sultry
||hidden|n2|other|矛盾|むじゅん|contradiction,inconsistency
||hidden|n2|other|蒸す|むす|to steam,to poultice,to be sultry
||hidden|n2|other|無数|むすう|countless number,infinite number
||hidden|n2|other|紫|むらさき|purple colour,violet
||hidden|n2|other|群れ|むれ|group,crowd,flock,herd
||hidden|n2|other|姪|めい|niece
||hidden|n2|other|名作|めいさく|masterpiece
||hidden|n2|other|名刺|めいし|business card
||hidden|n2|other|名詞|めいし|noun
||hidden|n2|other|名所|めいしょ|famous place
||hidden|n2|other|命ずる|めいずる|to command,to appoint
||hidden|n2|other|迷信|めいしん|superstition
||hidden|n2|other|名物|めいぶつ|famous product,special product,speciality
||hidden|n2|other|銘々|めいめい|each,individual
||hidden|n2|other|目上|めうえ|superior(s),senior
||hidden|n2|other|メーター|メーター|meter (clock)
||hidden|n2|other|恵まれる|めぐまれる|to be blessed with,to be rich in
||hidden|n2|other|巡る|めぐる|to go around
||hidden|n2|other|目指す|めざす|to aim at,to have an eye on
||hidden|n2|other|目覚し|めざまし|(abbr) alarm-clock
||hidden|n2|other|目下|めした|at present,now
||hidden|n2|other|目印|めじるし|mark,sign,landmark
||hidden|n2|other|目立つ|めだつ|to be conspicuous,to stand out
||hidden|n2|other|めちゃくちゃ|めちゃくちゃ|absurd,unreasonable,excessive,messed up,spoiled,wreaked
||hidden|n2|other|めっきり|めっきり|remarkably
||hidden|n2|other|めでたい|めでたい|happy,simple soul,propitious,joyous
||hidden|n2|other|メニュー|メニュー|menu
||hidden|n2|other|めまい|めまい|dizziness,giddiness
||hidden|n2|other|目安|めやす|criterion,aim
||hidden|n2|other|免税|めんぜい|tax exemption,duty exemption
||hidden|n2|other|面積|めんせき|area
||hidden|n2|other|面接|めんせつ|interview
||hidden|n2|other|面倒臭い|めんどうくさい|bother to do,tiresome
||hidden|n2|other|儲かる|もうかる|to be profitable,to yield a profit
||hidden|n2|other|儲ける|もうける|to get,to earn,to gain,to have (bear, beget) a child
||hidden|n2|other|申し訳ない|もうしわけない|inexcusable
||hidden|n2|other|モーター|モーター|motor
||hidden|n2|other|木材|もくざい|lumber,timber,wood
||hidden|n2|other|目次|もくじ|table of contents
||hidden|n2|other|潜る|もぐる|(1) to drive,to pass through,(2) to evade,to hide,(3) to dive (into or under water),to go undergroun
||hidden|n2|other|もしかしたら|もしかしたら|perhaps,maybe,by some chance
||hidden|n2|other|もしかすると|もしかすると|perhaps,maybe,by some chance
||hidden|n2|other|もたれる|もたれる|to lean against,to lean on,to recline on,to lie heavy (on the stomach)
||hidden|n2|other|モダン|モダン|modern
||hidden|n2|other|餅|もち|sticky rice cake
||hidden|n2|other|もったいない|もったいない|too good,more than one deserves,wasteful,sacrilegious,unworthy of
||hidden|n2|other|モデル|モデル|model
||hidden|n2|other|元々|もともと|originally,by nature,from the start
||hidden|n2|other|物置|ものおき|storage room
||hidden|n2|other|物語る|ものがたる|to tell,to indicate
||hidden|n2|other|物差し|ものさし|ruler,measure
||hidden|n2|other|物凄い|ものすごい|earth-shattering,staggering,to a very great extent
||hidden|n2|other|モノレール|モノレール|monorail
||hidden|n2|other|紅葉|もみじ|(1) (Japanese) maple
||hidden|n2|other|揉む|もむ|to rub,to crumple (up),to wrinkle
||hidden|n2|other|燃やす|もやす|to burn
||hidden|n2|other|催し|もよおし|event,festivities,function
||hidden|n2|other|盛る|もる|(1) to serve (food, etc.),(2) to fill up,(3) to prescribe
||hidden|n2|other|問答|もんどう|questions and answers,dialogue
||hidden|n2|other|やかましい|やかましい|(1) noisy,(2) strict,fussy
||hidden|n2|other|夜間|やかん|at night,nighttime
||hidden|n2|other|薬缶|やかん|kettle
|||n2|noun|役者|やくしゃ|actor,actress|skådespelare
|||n2|noun|役所|やくしょ|government office,public office|ämbetsverk
|16||n2|verb|訳す|やくす|to translate|översätta
|||n2|noun|役人|やくにん|government official|regeringstjänsteman
|||n2|noun|薬品|やくひん|medicine(s),chemical(s)|medicin,kemikalie
||hidden|n2|other|役目|やくめ|duty,business
||hidden|n2|other|火傷|やけど|burn,scald
||hidden|n2|other|夜行|やこう|walking around at night,night train,night travel
||hidden|n2|other|矢印|やじるし|directing arrow
||hidden|n2|other|やたらに|やたらに|randomly,recklessly,blindly
||hidden|n2|other|薬局|やっきょく|pharmacy,drugstore
||hidden|n2|other|やっつける|やっつける|to attack (an enemy),to beat,to do away with,to finish off
||hidden|n2|other|家主|やぬし|landlord
||hidden|n2|other|やっぱり|やっぱり|also,as I thought,still,in spite of,absolutely,of course
||hidden|n2|other|破く|やぶく|
||hidden|n2|other|破れる|やぶれる|to get torn,to wear out
||hidden|n2|other|やむをえない|やむをえない|cannot be helped,unavoidable
||hidden|n2|other|軟らかい|やわらかい|soft,tender,limp
||hidden|n2|other|遊園地|ゆうえんち|amusement park
||hidden|n2|other|夕刊|ゆうかん|evening paper
||hidden|n2|other|友好|ゆうこう|friendship
||hidden|n2|other|郵送|ゆうそう|mailing
||hidden|n2|other|夕立|ゆうだち|(sudden) evening shower (rain)
||hidden|n2|other|夕日|ゆうひ|(in) the evening sun,setting sun
||hidden|n2|other|悠々|ゆうゆう|quiet,calm,leisurely
||hidden|n2|other|有料|ゆうりょう|admission-paid,toll
||hidden|n2|other|浴衣|ゆかた|bathrobe,informal summer kimono,yukata
||hidden|n2|other|湯気|ゆげ|steam,vapour
||hidden|n2|other|輸血|ゆけつ|blood transfusion
||hidden|n2|other|輸送|ゆそう|transport,transportation
||hidden|n2|other|油断|ゆだん|negligence,unpreparedness
||hidden|n2|other|ゆでる|ゆでる|to boil
||hidden|n2|other|湯飲み|ゆのみ|teacup
||hidden|n2|other|緩い|ゆるい|loose,lenient,slow
||hidden|n2|other|溶岩|ようがん|lava
||hidden|n2|other|容器|ようき|container,vessel
||hidden|n2|other|用語|ようご|term,terminology
||hidden|n2|other|要旨|ようし|gist,essentials,summary,fundamentals
||hidden|n2|other|幼児|ようじ|infant,baby,child
||hidden|n2|other|容積|ようせき|capacity,volume
||hidden|n2|other|幼稚|ようち|infancy,childish,infantile
||hidden|n2|other|幼稚園|ようちえん|kindergarten
||hidden|n2|other|用途|ようと|use,usefulness
||hidden|n2|other|洋品店|ようひんてん|shop which handles Western-style apparel and accessories
||hidden|n2|other|養分|ようぶん|nourishment,nutrient
||hidden|n2|other|羊毛|ようもう|wool
||hidden|n2|other|漸く|ようやく|gradually,finally,hardly
||hidden|n2|other|要領|ようりょう|point,gist,essentials,outline
||hidden|n2|other|欲張り|よくばり|avarice,covetousness,greed
||hidden|n2|other|余計|よけい|too much,unnecessary,abundance,surplus,excess,superfluity
|||n2|verb|よこす|よこす|(1) to send,to forward,(2) to hand over (e.g. money)|skicka fram,överlämna
|18|hidden|n2|verb|汚す|よごす|(1) to disgrace,to dishonour,(2) to pollute,to contaminate,to soil,to make dirty,to stain|smutsa ner,vanhedra
|||n2|verb|寄せる|よせる|to collect,to gather,to add,to put aside|samla ihop,lägga till,lägga åt sidan
||hidden|n2|other|余所|よそ|another place,somewhere else,strange parts
||hidden|n2|other|四つ角|よつかど|four corners,crossroads
||hidden|n2|other|酔っ払い|よっぱらい|drunkard
||hidden|n2|other|予備|よび|preparation,preliminaries,reserve,spare
||hidden|n2|other|呼び掛ける|よびかける|to call out to,to accost,to address (crowd),to appeal
||hidden|n2|other|呼び出す|よびだす|to summon,to call (e.g. phone)
||hidden|n2|other|蘇る|よみがえる|to be resurrected,to be revived,to be resuscitated,to be rehabilitated
||hidden|n2|other|因る|よる|to come from
||hidden|n2|other|慶び|よろこび|(n) (a) joy,(a) delight,rapture,pleasure,gratification,rejoicing,congratulations,felicitations
||hidden|n2|other|慶ぶ|よろこぶ|
||hidden|n2|other|来日|らいにち|arrival in Japan,coming to Japan,visit to Japan
||hidden|n2|other|落第|らくだい|failure,dropping out of a class
||hidden|n2|other|ラッシュアワー|ラッシュアワー|rush hour
||hidden|n2|other|欄|らん|column of text (e.g. as in a newspaper)
||hidden|n2|other|ランチ|ランチ|launch,lunch
||hidden|n2|other|ランニング|ランニング|(1) running,(2) tank top
||hidden|n2|other|乱暴|らんぼう|rude,violent,rough,lawless,unreasonable,reckless
||hidden|n2|other|理科|りか|science
||hidden|n2|other|利害|りがい|advantages and disadvantages,interest
||hidden|n2|other|リズム|リズム|rhythm
||hidden|n2|other|リットル|リットル|litre
||hidden|n2|other|リボン|リボン|ribbon
|||n2|verb|略す|りゃくす|to abbreviate|förkorta
|||n2|noun|流域|りゅういき|(river) basin|älvdal
|17||n2|noun|寮|りょう|hostel,dormitory|studenthem,sovsal
|||n2|noun|両側|りょうがわ|both sides|båda sidor
|||n2|noun|漁師|りょうし|fisherman|fiskare
|||n2|noun|領事|りょうじ|consul|konsul
||hidden|n2|other|領収|りょうしゅう|receipt,voucher
||hidden|n2|other|臨時|りんじ|temporary,special,extraordinary
||hidden|n2|other|留守番|るすばん|care-taking,caretaker,house-watching
||hidden|n2|other|例外|れいがい|exception
||hidden|n2|other|零点|れいてん|zero,no marks
||hidden|n2|other|冷凍|れいとう|freezing,cold storage,refrigeration
||hidden|n2|other|レインコート|レインコート|raincoat
||hidden|n2|other|レクリェーション|レクリェーション|recreation
||hidden|n2|other|レジャー|レジャー|leisure
||hidden|n2|other|列島|れっとう|chain of islands
||hidden|n2|other|レベル|レベル|level
||hidden|n2|other|リポート|リポート|report,paper
||hidden|n2|other|煉瓦|れんが|brick
||hidden|n2|other|連合|れんごう|union,alliance
|||n2|noun|レンズ|レンズ|lens|lins,objektiv
|18||n2|noun|蝋燭|ろうそく|candle|ljus
|||n2|noun|ローマじ|ローマじ|romanization,Roman letters|romaji,latinska bokstäver
||hidden|n2|other|録音|ろくおん|(audio) recording
||hidden|n2|other|ロッカー|ロッカー|locker
||hidden|n2|other|ロビー|ロビー|lobby
||hidden|n2|other|論ずる|ろんずる|to argue,to discuss,to debate
||hidden|n2|other|和英|わえい|Japanese-English
||hidden|n2|other|分る|わかる|to be understood
||hidden|n2|other|分かれる|わかれる|to branch off,to diverge from,to fork,to split,to dispense,to scatter,to divide into
||hidden|n2|other|若々しい|わかわかしい|youthful,young
||hidden|n2|other|湧く|わく|to boil,to grow hot,to get excited,to gush forth
||hidden|n2|other|詫びる|わびる|to apologize
||hidden|n2|other|和服|わふく|Japanese clothes
||hidden|n2|other|わりあいに|わりあいに|comparatively
||hidden|n2|other|割算|わりざん|division (math)
||hidden|n2|other|割と|わりと|relatively, comparitively
||hidden|n2|other|割引|わりびき|discount,reduction,rebate
||hidden|n2|other|椀|わん|Japanese soup bowl,wooden bowl
||hidden|n2|other|碗|わん|bowl
||hidden|n2|other|ワンピース|ワンピース|one-piece dress