genki|state|jlpt|type|writing|reading|english|swedish
||n3|noun|愛|あい|love|kärlek
||n3|noun|愛情|あいじょう|love, affection|kärlek,ömhet
||n3|noun|合図|あいず|sign, signal|tecken,signal
||n3|verb|愛する|あいする|to love|älska
|hidden|n3|other|相手|あいて|companion, partner, company
|hidden|n3|other||あいにく|unfortunately, Sorry, but....
|hidden|n3|other|明かり|あかり|lamplight, light (in general),brightness
|hidden|n3|other|空き|あき|room, time to spare, emptiness
|hidden|n3|other|明らか|あきらか|obvious, evident, clear
|hidden|n3|other|諦める|あきらめる|to give up, to abandon
|hidden|n3|other|飽きる|あきる|to get tired of, to lose interest in, to have enough
|hidden|n3|other|握手|あくしゅ|handshake
|hidden|n3|other|悪魔|あくま|devil, demon, evil spirit
|hidden|n3|other|明ける|あける|to dawn, to become daylight
|hidden|n3|other|預ける|あずける|to give into custody, to entrust, to deposit
|hidden|n3|other|汗|あせ|sweat, perspiration
|hidden|n3|other|与える|あたえる|to give, to present, to award
|hidden|n3|other|暖かい|あたたか(い)|warm, mild
|hidden|n3|other|辺り|あたり|vicinity, nearby
|hidden|n3|other|当たる|あたる|to be hit, to be successful, to be equivalent to
|hidden|n3|other||あちこち|here and there
|hidden|n3|other||あっ|Ah!, Oh!
|hidden|n3|other|扱う|あつかう|to handle, to deal with, to treat
|hidden|n3|other|集まり|あつまり|gathering, meeting, assembly, collection
|hidden|n3|other|当てる|あてる|to hit, to apply a patch
|hidden|n3|other|跡|あと|(1) trace, tracks, mark, sign, (2) remains, ruins, (3) scar
|hidden|n3|other|穴|あな|hole
|hidden|n3|other|浴びる|あびる|to bathe, to bask in the sun, to shower
|hidden|n3|other|油|あぶら|oil
|hidden|n3|other|余り|あまり|not very (used as adverb),not much
|hidden|n3|other|誤り|あやまり|error
|hidden|n3|other|粗い|あらい|Coarse
|hidden|n3|other|嵐|あらし|storm, tempest
|hidden|n3|other|新た|あらた|new, fresh, novel
|hidden|n3|other||あらゆる|all, every
|hidden|n3|other|表す|あらわす|to express, to show, to reveal
|hidden|n3|other|現す|あらわす|to show, to indicate, to display
|hidden|n3|other|現れ|あらわれ|embodiment, materialization
|hidden|n3|other|現れる|あらわれる|(1) to appear, to come in sight, to become visible,(2) to express oneself
|hidden|n3|other||ありがとう|(conj,exp,int) Thank you
|hidden|n3|other|有る|ある|to be, to have(used for inanimate objects)
|hidden|n3|other|或|ある|a certain...,some...
|hidden|n3|other||あるいは|or, possibly
|hidden|n3|other|泡|あわ|bubble, foam, froth, head on beer
|hidden|n3|other|合わせる|あわせる|to join together, to be opposite, to face, to unite
|hidden|n3|other|哀れ|あわれ|helpless, pity, sorrow, grief
||n3|noun|案|あん|plan|plan
||n3|suffix|案|あん|plan, draft|utkast
||n3|noun|暗記|あんき|memorization, learning by heart|memorering,utantillinlärning
||n3|noun|安定|あんてい|stability, equilibrium
16||n3|verb|案内する|あんないする|information, guidance, leading, to guide|guida,visa runt
|hidden|n3|other||あんなに|to that extent, to that degree
|hidden|n3|other||あんまり|not very, not much, remainder, rest
|hidden|n3|other|胃|い|stomach
|hidden|n3|other|委員|いいん|committee member
|hidden|n3|other|いえ|いえ|same as いいえ in spoken
|hidden|n3|other|意外|いがい|unexpected, surprising
|hidden|n3|other|息|いき|breath, tone
|hidden|n3|other|行き|いき/ゆき|going,
|hidden|n3|other|勢い|いきおい|force, vigour, energy, spirit
|hidden|n3|other|生き物|いきもの|living thing, animal
|hidden|n3|other|幾つ|いくつ|how many?, how old?
|hidden|n3|other|幾ら|いくら|how much?,
|hidden|n3|other||いけない|must not do, bad, wrong, not good
|hidden|n3|other|医師|いし|doctor, physician
|hidden|n3|other|意思|いし|mind, intention
|hidden|n3|other|意志|いし|will, volition
|hidden|n3|other|維持|いじ|maintenance, preservation
|hidden|n3|other|意識|いしき|consciousness, senses
|hidden|n3|other|異常|いじょう|strangeness, abnormality, disorder
|hidden|n3|other|椅子|いす|chair
|hidden|n3|other|泉|いずみ|spring, fountain
|hidden|n3|other||いずれ|which, either, one
|hidden|n3|other|以前|いぜん|ago since, before, previous
|hidden|n3|other|板|いた|board, plank
|hidden|n3|other|偉大|いだい|greatness
|hidden|n3|other|抱く|いだく|(sl) to embrace, to hug, to harbour, to entertain
|hidden|n3|other||いたずら|tease, prank, trick, practical joke
|hidden|n3|other||いただきます|expression of gratitude before meals
|hidden|n3|other|頂く|いただく|to receive, to take food or drink (hum)
|hidden|n3|other|痛み|いたみ|pain, ache, sore, grief, distress
|hidden|n3|other|至る|いたる|to come, to arrive
|hidden|n3|other|市|いち|market, fair
|hidden|n3|other|位置|いち|place, situation, position, location
|hidden|n3|other|一時|いちじ|moment, time
|hidden|n3|other|一度に|いちどに|all at once
|hidden|n3|other|市場|いちば|(the) market (as a concept)
|hidden|n3|other|一番|いちばん|best, first, number one
|hidden|n3|other|一家|いっか|a house, a home, a family, a household
|hidden|n3|other||いつか|sometime, someday, one day
|hidden|n3|other|一種|いっしゅ|a species, a kind, a variety
|hidden|n3|other|一瞬|いっしゅん|a moment, an instant
|hidden|n3|other|一生|いっしょう|whole life, a lifetime, all through life
|hidden|n3|other|一層|いっそう|much more, still more, all the more
|hidden|n3|other|一体|いったい|(1) one object, one body,(2) what on earth?, really?,(3) generally
|hidden|n3|other|一致|いっち|(1) coincidence, agreement,(2) conformity
|hidden|n3|other||いつでも|(at) any time, always, at all times, never (neg)
|hidden|n3|other|一般|いっぱん|general, liberal, universal, ordinary, average
|hidden|n3|other|一方|いっぽう|(1) on the other hand,(2) meanwhile,(3) only, simple, in turn
|hidden|n3|other||いつまでも|forever, for good, eternally, as long as one likes, indefinitely
|hidden|n3|other||いつも|always, usually, every time, never (with neg. verb)
|hidden|n3|other|移動|いどう|removal, migration, movement
|hidden|n3|other|従兄弟|いとこ|cousin (male)
|hidden|n3|other|稲|いね|rice-plant
|hidden|n3|other|居眠り|いねむり|dozing, nodding off
|hidden|n3|other|命|いのち|,life, destiny
|hidden|n3|other|違反|いはん|violation (of law),transgression, infringement, breach
|hidden|n3|other|衣服|いふく|clothes
|hidden|n3|other|居間|いま|living room (western style)
|hidden|n3|other|今に|いまに|before long, even now
|hidden|n3|other|今にも|いまにも|at any time, soon
|hidden|n3|other|否|いや|no, the nose
|hidden|n3|other|以来|いらい|since, henceforth
|hidden|n3|other|依頼|いらい|(1) request, commission, dispatch,(2) dependence, trust
|hidden|n3|other||いらいら|getting nervous, irritation
|hidden|n3|other||いらっしゃい|welcome
|hidden|n3|other|医療|いりょう|medical care, medical treatment
|hidden|n3|other|岩|いわ|rock, crag
|hidden|n3|other|祝い|いわい|celebration, festival
|hidden|n3|other|祝う|いわう|to congratulate, to celebrate
|hidden|n3|other|言わば|いわば|so to speak
|hidden|n3|other||いわゆる|the so-called, so to speak
|hidden|n3|other|印刷|いんさつ|printing
|hidden|n3|other|印象|いんしょう|impression
|hidden|n3|other|引退|いんたい|retire
|hidden|n3|other|引用|いんよう|quotation, citation
|hidden|n3|other|魚|うお|fish
|hidden|n3|other||うがい|gargle, rinse mouth
|hidden|n3|other|伺う|うかがう|(hon) to visit, to ask, to inquire
|hidden|n3|other|受け取る|うけとる|to receive, to get, to accept, to take
|hidden|n3|other|動かす|うごかす|to move, to shift
|hidden|n3|other|兎|うさぎ|rabbit, hare
|hidden|n3|other|牛|うし|cattle, cow
|hidden|n3|other|失う|うしなう|to lose, to part with
|hidden|n3|other|後ろ|うしろ|afterwards, since then, in the future, behind
|hidden|n3|other|嘘|うそ|lie, falsehood, incorrect fact, inappropriate
|hidden|n3|other|疑う|うたがう|to doubt, to distrust, to be suspicious of, to suspect
|hidden|n3|other|内|うち|inside
|hidden|n3|other|宇宙|うちゅう|universe, cosmos, space
|hidden|n3|other|撃つ|うつ|to attack, to defeat, to destroy
|hidden|n3|other|移す|うつす|to remove, to transfer, to infect
|hidden|n3|other|訴える|うったえる|to sue (a person),to resort to, to appeal to
|hidden|n3|other||うなる|to groan, to moan
|hidden|n3|other|奪う|うばう|to snatch away
|hidden|n3|other|馬|うま|(1) horse,(2) promoted bishop (shogi)
|hidden|n3|other|うまい|うまい|be good at, delicious (spoken)
|hidden|n3|other|生まれ|うまれ|birth, birth-place
|hidden|n3|other|梅|うめ|plum, plum-tree, lowest (of a three-tier ranking system)
|hidden|n3|other|裏切る|うらぎる|to betray, to turn traitor to, to double-cross
|hidden|n3|other|得る|うる|to get, to gain, to win
13||n3|adjective|嬉しい|うれしい|happy, glad, pleasant|glad,lycklig
|hidden|n3|other|売れる|うれる|to be sold
|hidden|n3|other|噂|うわさ|rumour, report, gossip, common talk
|hidden|n3|other|運|うん|fortune, luck
|hidden|n3|other|運転|うんてん・する|operation, motion, driving, to drive
|hidden|n3|other|運動|うんどう・する|motion, exercise, to exercise
|hidden|n3|other|柄|え|handle, grip
|hidden|n3|other|永遠|えいえん|eternity, perpetuity, immortality, permanence
|hidden|n3|other|永久|えいきゅう|eternity ,perpetuity, immortality
|hidden|n3|other|影響|えいきょう|influence, effect
|hidden|n3|other|営業|えいぎょう|business, trade, management
|hidden|n3|other|衛星|えいせい|satellite
|hidden|n3|other|栄養|えいよう|nutrition, nourishment
|hidden|n3|other|笑顔|えがお|smiling face
|hidden|n3|other|描く|えがく|to draw, to paint, to sketch, to depict, to describe
|hidden|n3|other|餌|えさ|feed, bait
|hidden|n3|other|得る|える|to get, to gain, to win
|hidden|n3|other|円|えん|circle, money
|hidden|n3|other|縁|えん|relation, connection, ties, fate
|hidden|n3|other|延期|えんき|postponement, adjournment
|hidden|n3|other|演技|えんぎ|acting, performance
|hidden|n3|other|援助|えんじょ|assistance, aid, support
|hidden|n3|other|演説|えんぜつ|speech, address
|hidden|n3|other|演奏|えんそう|musical performance
|hidden|n3|other|遠慮|えんりょ|diffidence, restraint, reserve
|hidden|n3|other|御|お|honourable
|hidden|n3|other|老い|おい|old age, old person, the old, the aged
|hidden|n3|other|追い付く|おいつく|to overtake, to catch up (with)
|hidden|n3|other|王|おう|king, ruler, sovereign, monarch
|hidden|n3|other|追う|おう|to chase, to run after
|hidden|n3|other|王様|おうさま|king
|hidden|n3|other|王子|おうじ|prince
|hidden|n3|other|応じる|おうじる|to respond, to satisfy, to accept, to comply with, to apply for
|hidden|n3|other|横断|おうだん|crossing
|hidden|n3|other|終える|おえる|to finish
|hidden|n3|other|大いに|おおいに|very, much, greatly
|hidden|n3|other|覆う|おおう|to cover, to hide, to conceal, to wrap, to disguise
|hidden|n3|other|大家|おおや|rich family, distinguished family
|hidden|n3|other|丘|おか|hill, height, knoll, rising ground
|hidden|n3|other|沖|おき|open sea
|hidden|n3|other|奥|おく|interior, inner part
|hidden|n3|other|贈る|おくる|to send, to give to, to award to, to confer on
|hidden|n3|other|起こる|おこる|to occur, to happen
|hidden|n3|other|幼い|おさない|very young, childish
|hidden|n3|other|収める|おさめる|to obtain, to reap, to pay, to supply, to accept
|hidden|n3|other||おしゃべり|chattering, talk, idle talk
|hidden|n3|other|汚染|おせん|pollution, contamination
|hidden|n3|other||おそらく|perhaps
|hidden|n3|other|恐れる|おそれる|to fear, to be afraid of
|hidden|n3|other|恐ろしい|おそろしい|terrible, dreadful
|hidden|n3|other|お互い|おたがい|mutual, reciprocal, each other
|hidden|n3|other|穏やか|おだやか|calm, gentle, quiet
|hidden|n3|other|男の人|おとこのひと|man
|hidden|n3|other|劣る|おとる|to fall behind, to be inferior to
|hidden|n3|other|お腹|おなか|stomach, tummy
|hidden|n3|other|鬼|おに|ogre, demon, it (i.e., in a game of tag)
|hidden|n3|other|帯|おび|band (e.g. conduction, valence)
|hidden|n3|other|お昼|おひる|lunch, noon
|hidden|n3|other|溺れる|おぼれる|to be drowned, to indulge in
|hidden|n3|other||おまえ|(fam) you (sing)
|hidden|n3|other||おめでとう|Congratulations!, an auspicious occasion!
|hidden|n3|other|思い出|おもいで|memories, recollections, reminiscence
|hidden|n3|other|主に|おもに|mainly, primarily
|hidden|n3|other|思わず|おもわず|unintentional, spontaneous
|hidden|n3|other|泳ぎ|およぎ|swimming
|hidden|n3|other||およそ|about, roughly, as a rule, approximately
|hidden|n3|other|及ぼす|およぼす|to exert, to cause, to exercise
|hidden|n3|other|居る|おる|to be (animate),to be, to exist
|hidden|n3|other|下す|おろす|to lower, to let go down
|hidden|n3|other|降ろす|おろす|to take down, to launch, to drop
|hidden|n3|other|音|おん|sound, note
|hidden|n3|other|恩|おん|favour, obligation, debt of gratitude
|hidden|n3|other|温暖|おんだん|warmth
|hidden|n3|other|温度|おんど|temperature
|hidden|n3|other|可|か|passable
|hidden|n3|other|課|か|counter for chapters (of a book) section
|hidden|n3|other|会|かい|meeting, assembly, party, association, club
13||n3|counter|回|かい|counter for occurrences|gånger (räknare)
|hidden|n3|other|害|がい|injury, harm, evil influence, damage
|hidden|n3|other|会員|かいいん|member, the membership
|hidden|n3|other|絵画|かいが|picture, paintings
|hidden|n3|other|海外|かいがい|foreign, abroad, overseas
|hidden|n3|other|会計|かいけい|account, finance, accountant
|hidden|n3|other|解決|かいけつ|settlement, solution, resolution
|hidden|n3|other|会合|かいごう|meeting, assembly
|hidden|n3|other|外交|がいこう|diplomacy
|hidden|n3|other|開始|かいし|start, commencement, beginning
|hidden|n3|other|解釈|かいしゃく|explanation, interpretation
|hidden|n3|other|外出|がいしゅつ|outing, going out
|hidden|n3|other|改善|かいぜん|betterment, improvement
|hidden|n3|other|快適|かいてき|pleasant, agreeable, comfortable
|hidden|n3|other|回復|かいふく|recovery (from illness),improvement, rehabilitation, restoration
|hidden|n3|other|飼う|かう|to keep, to raise, to feed
|hidden|n3|other|替える/換える|かえる|to exchange, to interchange, to substitute, to replace
|hidden|n3|other|香り|かおり|aroma, fragrance, scent, smell
|hidden|n3|other|画家|がか|painter, artist
|hidden|n3|other|抱える|かかえる|to hold or carry under or in the arms
|hidden|n3|other|価格|かかく|price, value, cost
|hidden|n3|other|化学|かがく|chemistry
|hidden|n3|other|輝く|かがやく|to shine, to glitter, to sparkle
|hidden|n3|other|係|かかり|official, duty, person in charge
|hidden|n3|other|掛かる|かかる|to take (e.g. time, money, etc),to hang
|hidden|n3|other|罹る|かかる|to suffer from
|hidden|n3|other|鍵|かぎ|key
|hidden|n3|other|限る|かぎる|to restrict,to limit,to confine
15||n3|verb|描く|かく|to draw,to paint,to sketch,to depict,to describe|rita,måla,skissa
15||n3|noun|家具|かぐ|furniture,möbler
|hidden|n3|other|学|がく|learning,scholarship,erudition,knowledge
|hidden|n3|other|額|がく|picture frame
|hidden|n3|other|覚悟|かくご|resolution, resignation, readiness, preparedness
|hidden|n3|other|確実|かくじつ|certainty, reliability, soundness
|hidden|n3|other|学者|がくしゃ|scholar
|hidden|n3|other|学習|がくしゅう|study,learning
|hidden|n3|other|隠す|かくす|to hide,to conceal
|hidden|n3|other|拡大|かくだい|magnification, enlargement
|hidden|n3|other|確認|かくにん|affirmation, confirmation
|hidden|n3|other|学問|がくもん|scholarship, study, learning
|hidden|n3|other|隠れる|かくれる|to hide, to be hidden, to conceal oneself, to disappear
|hidden|n3|other|影|かげ|shade, shadow, other side
|hidden|n3|other|陰|かげ|shade,shadow,other side
|hidden|n3|other|欠ける|かける|to be lacking
|hidden|n3|other|加減|かげん|addition and subtraction,allowance for
|hidden|n3|other|過去|かこ|the past,bygone days,the previous
|hidden|n3|other|籠|かご|basket,cage
|hidden|n3|other|囲む|かこむ|to surround,to encircle
|hidden|n3|other|火災|かさい|conflagration,fire
|hidden|n3|other|菓子|かし|pastry
|hidden|n3|other|家事|かじ|housework,domestic chores
|hidden|n3|other|賢い|かしこい|wise,clever,smart
|hidden|n3|other|歌手|かしゅ|singer
|hidden|n3|other|数|かず|number,figure
|hidden|n3|other|稼ぐ|かせぐ|to earn income,to labor
|hidden|n3|other|数える|かぞえる|to count
|hidden|n3|other|型|かた|mold,model,style,shape,data-type
|hidden|n3|other|肩|かた|shoulder
|hidden|n3|other|硬い|かたい|solid,hard (esp. metal, stone),unpolished writing
|hidden|n3|other|方々|かたがた|persons,this and that,here and there,everywhere
|hidden|n3|other|計|かたち|shape, form
|hidden|n3|other|刀|かたな|sword,saber,knife,engraving tool
|hidden|n3|other|語る|かたる|to talk,to tell,to recite
|hidden|n3|other|勝ち|かち|win,victory
|hidden|n3|other|価値|かち|value,worth,merit
|hidden|n3|other||がっかり|feel disappointed,be dejected,lose heart
|hidden|n3|other|活気|かっき|energy,liveliness
|hidden|n3|other|学期|がっき|term (school)
|hidden|n3|other|格好|かっこう|shape,form,posture,suitability,appearance
|hidden|n3|other|活動|かつどう|action,activity
|hidden|n3|other|活用|かつよう|conjugation,practical use
13|hidden|n3|other|悲しむ|かなしむ|to be sad,to mourn for,to regret
|hidden|n3|other|必ずしも|かならずしも|(not) always,(not) necessarily,(not) all,(not) entirely
|hidden|n3|other||かなり|considerably,fairly,quite
|hidden|n3|other|金|かね|(1) gold,(2) gold general (shogi) (abbr)
|hidden|n3|other|可能|かのう|possible,practicable,feasible
|hidden|n3|other|株|かぶ|share,stock,stump (of tree)
|hidden|n3|other|被る|かぶる|to put on , wear, cover (one's) head,
|hidden|n3|other|構う|かまう|to mind,to care about,to be concerned about
|hidden|n3|other|我慢|がまん|patience,endurance,perseverance
|hidden|n3|other|上|かみ|(1) first volume,(2) superior quality,(3) governmental
|hidden|n3|other|神|かみ|god
|hidden|n3|other|雷|かみなり|thunder
|hidden|n3|other|髪の毛|かみのけ|hair (head)
|hidden|n3|other|科目|かもく|(school) subject,curriculum,course
|hidden|n3|other||かもしれない|may,might,perhaps,may be,possibly
|hidden|n3|other|火曜|かよう|(abbr) Tuesday
|hidden|n3|other|空|から|empty
|hidden|n3|other|柄|がら|pattern
|hidden|n3|other|刈る|かる|to cut (hair),to mow (grass),to harvest
|hidden|n3|other|彼等|かれら|they (usually male)
|hidden|n3|other|川|かわ|river
|hidden|n3|other|河|かわ|river,stream
|hidden|n3|other|皮|かわ|skin,hide,leather,fur,pelt,bark,shell
|hidden|n3|other|革|かわ|leather
|hidden|n3|other||かわいそう|poor,pitiable,pathetic
|hidden|n3|other||かわいらしい|lovely,sweet
|hidden|n3|other|缶|かん|can,tin
|hidden|n3|other|勘|かん|perception,intuition,the sixth sense
|hidden|n3|other|考え|かんがえ|thinking,thought,ideas,intention
|hidden|n3|other|感覚|かんかく|sense,sensation
|hidden|n3|other|観客|かんきゃく|audience,spectator(s)
|hidden|n3|other|環境|かんきょう|environment,circumstance
|hidden|n3|other|歓迎|かんげい|welcome,reception
|hidden|n3|other|観光|かんこう|sightseeing
|hidden|n3|other|観察|かんさつ|observation,survey
|hidden|n3|other|感じ|かんじ|feeling,sense,impression
|hidden|n3|other|感謝|かんしゃ|thanks,gratitude
|hidden|n3|other|患者|かんじゃ|a patient
|hidden|n3|other|勘定|かんじょう|calculation,counting,consideration
|hidden|n3|other|感情|かんじょう|emotion(s),feeling(s),sentiment
|hidden|n3|other|感じる|かんじる|to feel,to sense,to experience
|hidden|n3|other|感心|かんしん|admiration,Well done!
|hidden|n3|other|関心|かんしん|concern,interest
|hidden|n3|other|関する|かんする|to concern,to be related
|hidden|n3|other|完成|かんせい|(1) complete,completion,(2) perfection,accomplishment
|hidden|n3|other|完全|かんぜん|perfection,completeness
|hidden|n3|other|感動|かんどう|being deeply moved,excitement,impression,deep emotion
|hidden|n3|other|監督|かんとく|supervision,control,superintendence
|hidden|n3|other|管理|かんり|control,management (e.g. of a business)
|hidden|n3|other|完了|かんりょう|completion,conclusion
|hidden|n3|other|関連|かんれん|relation,connection,relevance
|hidden|n3|other|議員|ぎいん|member of the Diet, congress or parliament
|hidden|n3|other|記憶|きおく|memory,recollection,remembrance
|hidden|n3|other|気温|きおん|temperature
|hidden|n3|other|機械|きかい|machine,mechanism
|hidden|n3|other|議会|ぎかい|Diet,congress,parliament
|hidden|n3|other|期間|きかん|period,term
|hidden|n3|other|機関|きかん|organ,mechanism,facility,engine
|hidden|n3|other|企業|きぎょう|enterprise,undertaking
|hidden|n3|other|効く|きく|to be effective
|hidden|n3|other|機嫌|きげん|humour,temper,mood
|hidden|n3|other|気候|きこう|climate
|hidden|n3|other|岸|きし|bank,coast,shore
|hidden|n3|other|生地|きじ|birthplace
|hidden|n3|other|記事|きじ|article,news story,report,account
|hidden|n3|other|技師|ぎし|engineer,technician
|hidden|n3|other|記者|きしゃ|reporter
|hidden|n3|other|傷|きず|wound,injury,hurt,cut
|hidden|n3|other|期待|きたい|expectation,anticipation,hope
|hidden|n3|other|帰宅|きたく|returning home
|hidden|n3|other|貴重|きちょう|precious,valuable
|hidden|n3|other|議長|ぎちょう|chairman
|hidden|n3|other||きちんと|precisely,accurately
|hidden|n3|other||きつい|tight,close,intense
|hidden|n3|other|気付く|きづく|to notice,to recognize,to become aware of
|hidden|n3|other|気に入る|きにいる|to be pleased with,to suit
|hidden|n3|other|記入|きにゅう|entry,filling in of forms
|hidden|n3|other|記念|きねん|commemoration,memory
|hidden|n3|other|機能|きのう|function,faculty
|hidden|n3|other|気の毒|きのどく|pitiful,a pity
|hidden|n3|other|寄付|きふ|contribution,donation
|hidden|n3|other|希望|きぼう|hope,wish,aspiration
|hidden|n3|other|基本|きほん|foundation,basis,standard
|hidden|n3|other|決まり|きまり|settlement,conclusion,regulation,rule
|hidden|n3|other|気味|きみ|-like,-looking,-looked
|hidden|n3|other|奇妙|きみょう|strange,queer,curious
|hidden|n3|other|義務|ぎむ|duty,obligation,responsibility
|hidden|n3|other|疑問|ぎもん|question,problem,doubt,guess
|hidden|n3|other|逆|ぎゃく|reverse,opposite
|hidden|n3|other|旧|きゅう|ex-
|hidden|n3|other|級|きゅう|class, grade, rank,school class, grade
|hidden|n3|other|球|きゅう|globe,sphere,ball
|hidden|n3|other|九|きゅう / く|nine
|hidden|n3|other|休暇|きゅうか|holiday,day off,furlough
|hidden|n3|other|休憩|きゅうけい|rest,break,recess,intermission
|hidden|n3|other|急激|きゅうげき|sudden,precipitous,radical
|hidden|n3|other|吸収|きゅうしゅう|absorption,suction,attraction
|hidden|n3|other|救助|きゅうじょ|relief,aid,rescue
|hidden|n3|other|急速|きゅうそく|rapid (e.g. progress)
|hidden|n3|other|急に|きゅうに|suddenly
|hidden|n3|other|給料|きゅうりょう|salary,wages
|hidden|n3|other|器用|きよう|skillful,handy
|hidden|n3|other|教科書|きょうかしょ|text book
|hidden|n3|other|競技|きょうぎ|game,match,contest
|hidden|n3|other|行儀|ぎょうぎ|manners
|hidden|n3|other|供給|きょうきゅう|supply,provision
|hidden|n3|other|教師|きょうし|teacher (classroom)
|hidden|n3|other|教授|きょうじゅ|teaching,instruction,professor
|hidden|n3|other|強調|きょうちょう|emphasis,stress,stressed point
|hidden|n3|other|共通|きょうつう|commonness,community
|hidden|n3|other|共同|きょうどう|cooperation,association,collaboration,joint
|hidden|n3|other|恐怖|きょうふ|be afraid,dread,dismay,terror
|hidden|n3|other|協力|きょうりょく|cooperation,collaboration
|hidden|n3|other|強力|きょうりょく|herculean strength,mountain carrier-guide
|hidden|n3|other|さ|きょか|permission,approval
|hidden|n3|other|局|きょく|a bureau, department
|hidden|n3|other|極|きょく|a pole
|hidden|n3|other|巨大|きょだい|huge,gigantic,enormous
|hidden|n3|other|嫌う|きらう|to hate,to dislike,to loathe
|hidden|n3|other|霧|きり|fog,mist
|hidden|n3|other|切れ|きれ|cloth,piece,cut,chop
|hidden|n3|other|切れる|きれる|(1) to cut well,to be sharp,(2) to break (off)
13||n3|noun||キロ|kilo-,kilogram,kilometre,10^3|kilo,km,kg,10^3
|hidden|n3|other|記録|きろく|record,minutes,document
|hidden|n3|other|議論|ぎろん|argument,discussion,dispute
|hidden|n3|other|金|きん|(1) gold,(2) gold general (shogi) (abbr)
|hidden|n3|other|銀|ぎん|(1) silver,silver coin,silver paint
|hidden|n3|other|禁煙|きんえん|No Smoking!
|hidden|n3|other|金額|きんがく|amount of money
|hidden|n3|other|金庫|きんこ|safe,vault,treasury,provider of funds
|hidden|n3|other|禁止|きんし|prohibition,ban
|hidden|n3|other|金銭|きんせん|money,cash
|hidden|n3|other|金属|きんぞく|metal
|hidden|n3|other|近代|きんだい|modern ages
|hidden|n3|other|緊張|きんちょう|tension,mental strain,nervousness
|hidden|n3|other|筋肉|きんにく|muscle,sinew
|hidden|n3|other|金融|きんゆう|finance, monetary circulation,
|hidden|n3|other|金曜|きんよう|(abbr) Friday
|hidden|n3|other|九|く|nine
|hidden|n3|other|句|く|sentence
|hidden|n3|other|食う|くう|(male) (vulg) to eat
|hidden|n3|other|偶然|ぐうぜん|(by) chance,unexpectedly,suddenly
|hidden|n3|other|臭い|くさい|stink, smelly (bad)
|hidden|n3|other|鎖|くさり|chain
|hidden|n3|other|腐る|くさる|to rot,to go bad
|hidden|n3|other|癖|くせ|a habit (often a bad habit),peculiarity
|hidden|n3|other|管|くだ|pipe,tube
|hidden|n3|other|具体|ぐたい|concrete,tangible,material
|hidden|n3|other|下さる|くださる|(hon) to give,to confer
|hidden|n3|other|下り|くだり|down-train (going away from Tokyo)
|hidden|n3|other|苦痛|くつう|pain,agony
|hidden|n3|other||ぐっすり|sound asleep,fast asleep
|hidden|n3|other|区別|くべつ|distinction,differentiation,classification
|hidden|n3|other|組|くみ|class,group,team,set
|hidden|n3|other|組合|くみあい|association,union
|hidden|n3|other|組む|くむ|to put together
|hidden|n3|other|曇|くもり|cloudiness,cloudy weather,shadow
|hidden|n3|other|位|くらい|grade,rank,about
|hidden|n3|other|暮らし|くらし|living,livelihood,subsistence,circumstances
|hidden|n3|other|暮らす|くらす|to live,to get along
|hidden|n3|other|繰り返す|くりかえす|to repeat,to do something over again
|hidden|n3|other|狂う|くるう|to go mad,to get out of order
|hidden|n3|other|苦しい|くるしい|painful,difficult
|hidden|n3|other|苦しむ|くるしむ|to suffer,to groan,to be worried
|hidden|n3|other|暮れ|くれ|year end,sunset,nightfall,end
|hidden|n3|other|苦労|くろう|troubles,hardships
|hidden|n3|other|加える|くわえる|to append,to sum up,to add (up)
|hidden|n3|other|詳しい|くわしい|knowing very well,detailed,full,accurate
|hidden|n3|other|加わる|くわわる|to join in,to accede to,to increase,to gain in (influence)
|hidden|n3|other|訓|くん|native Japanese reading of a Chinese character
|hidden|n3|other|軍|ぐん|army,force,troops
|hidden|n3|other|軍隊|ぐんたい|army,troops
|hidden|n3|other|訓練|くんれん|practice,training
|hidden|n3|other|下|げ|under,below,beneath
|hidden|n3|other|敬意|けいい|respect,honour
|hidden|n3|other|経営|けいえい|management,administration
|hidden|n3|other|計画|けいかく・する|plan,project,schedule,scheme,program,to plan
|hidden|n3|other|景気|けいき|business climate, condition,state
15||n3|noun|経験|けいけん|experience|erfarenhet
|hidden|n3|verb|経験する|けいけんする|to experience,uppleva
|hidden|n3|other|傾向|けいこう|tendency,trend,inclination
|hidden|n3|other|警告|けいこく|warning,advice
|hidden|n3|other|計算|けいさん|calculation,reckoning
|hidden|n3|other|掲示|けいじ|notice,bulletin
|hidden|n3|other|刑事|けいじ|a police detective
|hidden|n3|other|芸術|げいじゅつ|(fine) art,the arts
|hidden|n3|other|契約|けいやく|contract,compact,agreement
|hidden|n3|other|経由|けいゆ|go by the way,via
|hidden|n3|other|怪我|けが|injury (to animate object),hurt
|hidden|n3|other|怪我する|けがする|to injure
|hidden|n3|other|劇|げき|drama,play
|hidden|n3|other|劇場|げきじょう|theatre,playhouse
|hidden|n3|other|化粧|けしょう|make-up (cosmetic)
|hidden|n3|other||けち|stinginess,miser,miserliness
|hidden|n3|other|結果|けっか|result,consequence
|hidden|n3|other|欠陥|けっかん|defect,fault,deficiency
|hidden|n3|other|結局|けっきょく|after all,eventually
|hidden|n3|other|決心|けっしん|determination,resolution
|hidden|n3|other|欠席|けっせき|absence,non-attendance
|hidden|n3|other|決定|けってい|decision,determination
|hidden|n3|other|欠点|けってん|faults,defect,weakness
|hidden|n3|other|月曜|げつよう・げつようび|Monday
|hidden|n3|other|結論|けつろん|conclusion
|hidden|n3|other|煙|けむり|smoke,fumes
|hidden|n3|other|券|けん|ticket,coupon,bond,certificate
|hidden|n3|other|県|けん|prefecture
|hidden|n3|other|軒|けん|a couter for house
|hidden|n3|other|喧嘩|けんか|quarrel,(drunken) brawl,failure
|hidden|n3|other|見解|けんかい|opinion,point of view
|hidden|n3|other|限界|げんかい|limit,bound
|hidden|n3|other|現金|げんきん|cash,ready money,mercenary,
||n3|noun|言語|げんご|language,språk
|hidden|n3|other|健康|けんこう|health,sound,wholesome
|hidden|n3|other|検査|けんさ|inspection (e.g. customs, factory),examination
|hidden|n3|other|現在|げんざい|present,up to now,nowadays,modern times,current
|hidden|n3|other|現実|げんじつ|reality
|hidden|n3|other|現象|げんしょう|phenomenon
|hidden|n3|other|現状|げんじょう|present condition,existing state,status quo
|hidden|n3|other|建設|けんせつ|construction,establishment
|hidden|n3|other|現代|げんだい|nowadays,modern times,present-day
|hidden|n3|other|建築|けんちく|construction,architecture
|hidden|n3|other|見当|けんとう|be found,aim,estimate,guess,approx
|hidden|n3|other|検討|けんとう|consideration,examination,investigation,study,scrutiny
|hidden|n3|other|現場|げんば|actual spot,scene,scene of the crime
|hidden|n3|other|憲法|けんぽう|constitution
|hidden|n3|other|権利|けんり|right,privilege
|hidden|n3|other|後|ご|afterwards,since then,in the future
|hidden|n3|other|語|ご|suffix for language,word
|hidden|n3|other|恋|こい|love,tender passion
|hidden|n3|other|濃い|こい|thick (as of color, liquid),dense,strong
|hidden|n3|other|恋人|こいびと|lover,sweetheart
|hidden|n3|other|幸運|こううん|good luck,fortune
|hidden|n3|other|講演|こうえん|lecture,address
|hidden|n3|other|効果|こうか|effect,effectiveness,efficacy,result
|hidden|n3|other|硬貨|こうか|coin
|hidden|n3|other|高価|こうか|high price
|hidden|n3|other|豪華|ごうか|wonderful,gorgeous,splendor,pomp,extravagance
|hidden|n3|other|合格|ごうかく|success,passing (e.g. exam),eligibility
|hidden|n3|other|交換|こうかん|exchange,interchange,reciprocity
|hidden|n3|other|航空|こうくう|aviation,flying
|hidden|n3|other|光景|こうけい|scene,spectacle
|hidden|n3|other|合計|ごうけい|sum total,total amount
|hidden|n3|other|攻撃|こうげき|attack,strike,offensive,criticism,censure
|hidden|n3|other|貢献|こうけん|contribution,services
13||n3|noun|広告|こうこく|advertisement|annons
|hidden|n3|other|交際|こうさい|company,friendship,association,society,acquaintance
|hidden|n3|other|後者|こうしゃ|the latter
|hidden|n3|other|構成|こうせい|organization,composition
|hidden|n3|other|高速|こうそく|high speed,high gear
|hidden|n3|other|行動|こうどう|action,conduct,behaviour,mobilization
|hidden|n3|other|強盗|ごうとう|robbery,burglary
|hidden|n3|other|幸福|こうふく|happiness,blessedness
|hidden|n3|other|公平|こうへい|fairness,impartial,justice
|hidden|n3|other|候補|こうほ|candidacy
|hidden|n3|other|考慮|こうりょ|consideration,taking into account
|hidden|n3|other|越える|こえる|to exceed,to cross over,to cross
|hidden|n3|other|氷|こおり|ice,hail
|hidden|n3|other|凍る|こおる|to freeze,to be frozen over,to congeal
|hidden|n3|other|誤解|ごかい|misunderstanding
|hidden|n3|other|語学|ごがく|language study
|hidden|n3|other|呼吸|こきゅう|breath,respiration
|hidden|n3|other|故郷|こきょう|home town,birthplace,old village,historic village
|hidden|n3|other|国語|こくご|national language
|hidden|n3|other|黒板|こくばん|blackboard
|hidden|n3|other|克服|こくふく|subjugation,conquest
|hidden|n3|other|国民|こくみん|national,people,citizen
|hidden|n3|other|穀物|こくもつ|grain,cereal,corn
|hidden|n3|other|ここ|ここ|here
|hidden|n3|other|腰|こし|hip
|hidden|n3|other|故障|こしょう|break-down,failure,accident,out of order
|hidden|n3|other|個人|こじん|individual,private person,personal,private
|hidden|n3|other|越す|こす|to go over (e.g. with audience)
|hidden|n3|other|国家|こっか|state,country,nation
|hidden|n3|other|国会|こっかい|National Diet,parliament,congress
|hidden|n3|other|国境|こっきょう|national or state border
|hidden|n3|other|骨折|こっせつ|bone fracture
|hidden|n3|other|小包|こづつみ|parcel,package
|hidden|n3|other|事|こと|thing,matter,fact,circumstances
|hidden|n3|other|異なる|ことなる|to differ,to vary,to disagree
|hidden|n3|other|諺|ことわざ|proverb,maxim
|hidden|n3|other|断る|ことわる|to refuse,to decline,to dismiss
|hidden|n3|other|粉|こな|flour,meal,powder
|hidden|n3|other|この|この|this
||n3|noun|好み|このみ|liking,taste,choice|gillande,smak,val
||n3|verb|好む|このむ|to like,to prefer|gilla,föredra
16||n3|noun|塵|ごみ|dust,dirt,rubbish|skräp
|hidden|n3|other|小麦|こむぎ|wheat
|hidden|n3|other||ごめんなさい|I beg your pardon,excuse me
|hidden|n3|other|小屋|こや|hut,cabin,shed,(animal) pen
|hidden|n3|other||これら|these
|hidden|n3|other|頃|ころ|time,about,toward,approximately (time)
|hidden|n3|other|殺す|ころす|to kill
|hidden|n3|other|転ぶ|ころぶ|to fall down,to fall over
|hidden|n3|other|今回|こんかい|now,this time,lately
|hidden|n3|other|今後|こんご|from now on,hereafter
|hidden|n3|other|混雑|こんざつ|congestion,
|hidden|n3|other||こんなに|so,like this,in this way
|hidden|n3|other|困難|こんなん|difficulty,distress
|hidden|n3|other|今日|こんにち|today,this day
|hidden|n3|other||こんにちは|hello,good day (daytime greeting, id)
|hidden|n3|other|婚約|こんやく|engagement,betrothal
|hidden|n3|other|混乱|こんらん|disorder,chaos,confusion,mayhem
|hidden|n3|other|差|さ|difference,variation
|hidden|n3|other|際|さい|on the occasion of,circumstances
|hidden|n3|other|最高|さいこう|highest,supreme,the most
|hidden|n3|other|財産|ざいさん|property,fortune,assets
|hidden|n3|other|最終|さいしゅう|last,final,closing
|hidden|n3|other|最中|さいちゅう|in the middle of
|hidden|n3|other|最低|さいてい|least,lowest,worst
|hidden|n3|other|才能|さいのう|talent,ability
|hidden|n3|other|裁判|さいばん|trial,judgement
|hidden|n3|other|材料|ざいりょう|ingredients,material
|hidden|n3|other|幸い|さいわい|happiness,blessedness
|hidden|n3|other|境|さかい|border,boundary,mental state
|hidden|n3|other|逆らう|さからう|to go against,to oppose,to disobey,to defy
|hidden|n3|other|盛り|さかり|the highest, the peak, prime
|hidden|n3|other|作業|さぎょう|work,operation,manufacturing,fatigue duty
|hidden|n3|other|作品|さくひん|work,opus,performance,production
|hidden|n3|other|作物|さくもつ|produce (e.g. agricultural),crops
|hidden|n3|other|桜|さくら|cherry blossom,cherry tree
|hidden|n3|other|酒|さけ|alcohol,sake
|hidden|n3|other|叫ぶ|さけぶ|to shout,to cry
|hidden|n3|other|避ける|さける|(1) to avoid (physical contact ),(2) to ward off,to avert
|hidden|n3|other|支える|ささえる|to support, to hold, maintain
|hidden|n3|other|指す|さす|to point,to put up umbrella,to play
|hidden|n3|other|座席|ざせき|seat
15||n3|verb|誘う|さそう|(1) to invite,to ask,(2) to tempt,to lure,to induce|bjuda in;locka
|hidden|n3|other|札|さつ|(1) token,label,(2) ticket,(3) charm
|hidden|n3|other|作家|さっか|author,writer,novelist,artist
|hidden|n3|other|作曲|さっきょく|composition,setting (of music)
|hidden|n3|other||ざっと|roughly,in round numbers
|hidden|n3|other||さっぱり|feeling refreshed,feeling relieved,neat,trimmed
|hidden|n3|other||さて|well,now,then
|hidden|n3|other|砂漠|さばく|desert
|hidden|n3|other|差別|さべつ|discrimination,distinction,differentiation
|hidden|n3|other|作法|さほう|manners,etiquette,propriety
|hidden|n3|other|様々|さまざま|varied,various
|hidden|n3|other|覚ます|さます|to awaken
|hidden|n3|other|覚める|さめる|to wake,to wake up
|hidden|n3|other|左右|さゆう|(1) left and right,(2) influence,control,domination
|hidden|n3|other|皿|さら|plate,dish
|hidden|n3|other|更に|さらに|furthermore,again,after all,more and more,moreover
|hidden|n3|other|去る|さる|to leave,to go away
|hidden|n3|other|猿|さる|monkey
|hidden|n3|other|騒ぎ|さわぎ|uproar,disturbance
|hidden|n3|other|参加|さんか|participation
|hidden|n3|other|参考|さんこう|reference,consultation
|hidden|n3|other|賛成|さんせい|approval,agreement,support,favour
|hidden|n3|other|酸素|さんそ|oxygen
|hidden|n3|other|散歩|さんぽ|walk,stroll
|hidden|n3|other|氏|し|family name,lineage,birth
|hidden|n3|other|詩|し|poem,verse of poetry
|hidden|n3|other|四|し/よん|four
13||n3|adjective|幸せ|しあわせ|happiness,good fortune,luck,blessing|lycklig,välsignad
|hidden|n3|other|ジェット機|ジェットき|jet aeroplane
|hidden|n3|other|直に|じかに|immediately,readily,directly
|hidden|n3|other||しかも|moreover,furthermore,nevertheless,and yet
|hidden|n3|other|叱る|しかる|to scold
|hidden|n3|other|式|しき|equation,formula,ceremony
|hidden|n3|other|お|じき|earnestly,immediately,exactly
|hidden|n3|other|時期|じき|time,season,period
|hidden|n3|other|支給|しきゅう|payment,allowance
|hidden|n3|other||しきりに|frequently,repeatedly,incessantly,eagerly
|hidden|n3|other|刺激|しげき|stimulus,impetus,incentive
|hidden|n3|other|資源|しげん|resources
|hidden|n3|other|事件|じけん|event,affair,incident
|hidden|n3|other|時刻|じこく|instant,time,moment
|hidden|n3|other|自殺|じさつ|suicide
|hidden|n3|other|事実|じじつ|fact,truth,reality
|hidden|n3|other|支出|ししゅつ|expenditure,expenses
|hidden|n3|other|事情|じじょう|circumstances,consideration,conditions,situation,reasons
|hidden|n3|other|詩人|しじん|poet
|hidden|n3|other|自身|じしん|by oneself,personally
|hidden|n3|other|沈む|しずむ|to sink,to feel depressed
|hidden|n3|other|自然|しぜん|nature,spontaneous
|hidden|n3|other|思想|しそう|thought,idea
|hidden|n3|other|舌|した|tongue
|hidden|n3|other|次第|しだい|(1) order,precedence,(2) circumstances,(3) immediate(ly)
|hidden|n3|other|事態|じたい|situation,present state of affairs
|hidden|n3|other|従う|したがう|to abide (by the rules),to obey,to follow,to accompany
|hidden|n3|other|したがって|したがって|therefore,consequently,in accordance with
|hidden|n3|other|支度|したく・する|preparation, to prepare
|hidden|n3|other|親しい|したしい|intimate,close (e.g. friend)
|hidden|n3|other|七|しち・なな|seven
|hidden|n3|other|質|しつ|quality,nature (of person)
|hidden|n3|other|失業|しつぎょう|unemployment
|hidden|n3|other|実験|じっけん|experiment
|hidden|n3|other|実現|じつげん|implementation,materialization,realization
|hidden|n3|other|実行|じっこう|practice,performance,execution (e.g. program),realization
|hidden|n3|other|実際|じっさい|practical,actual condition,status quo
|hidden|n3|other|実施|じっし|enforcement,enact,put into practice,carry out,operation
|hidden|n3|other||じっと|fixedly,firmly,patiently,quietly
|hidden|n3|other|実に|じつに|indeed,truly,surely
13||n3|adverb|実は|じつは|as a matter of fact,by the way|faktiskt
|hidden|n3|other|失望|しつぼう|disappointment,despair
|hidden|n3|other|支店|してん|branch store (office)
|hidden|n3|other|指導|しどう|leadership,guidance,coaching
|hidden|n3|other|自動|じどう|automatic,self-motion
|hidden|n3|other|品|しな|thing,article,goods,dignity,article (goods),counter for meal courses
|hidden|n3|other|支配|しはい|rule,control,direction
|hidden|n3|other|芝居|しばい|play,drama
|hidden|n3|other||しばしば|often,again and again,frequently
|hidden|n3|other|芝生|しばふ|lawn
|hidden|n3|other|支払|しはらい|payment
|hidden|n3|other|支払う|しはらう|to pay
|hidden|n3|other|死亡|しぼう|death,mortality
|hidden|n3|other|資本|しほん|funds,capital
|hidden|n3|other|姉妹|しまい|sisters
|hidden|n3|other||しまう|to finish, to close, put an end
|hidden|n3|other||しまった|Damn it!
|hidden|n3|other|自慢|じまん|pride,boast
|hidden|n3|other|事務|じむ|business,office work
|hidden|n3|other|示す|しめす|to denote,to show,to point out,to indicate
|hidden|n3|other|占める|しめる|(1) to comprise,to account for,to make up (of),(2) to hold,to occupy
|hidden|n3|other|下|しも|under,below,beneath
|hidden|n3|other|霜|しも|frost
|hidden|n3|other|借金|しゃっきん|debt,loan,liabilities
15||n3|verb||しゃべる|to talk,to chat,to chatter|småprata
|hidden|n3|other|邪魔|じゃま|hindrance,intrusion
|hidden|n3|other|週|しゅう|week
|hidden|n3|other|州|しゅう|a state, province, county
|hidden|n3|other|十|じゅう|10,ten
|hidden|n3|other|銃|じゅう|gun
|hidden|n3|other|周囲|しゅうい|surroundings,circumference,environs
|hidden|n3|other|収穫|しゅうかく|harvest,crop,ingathering
|hidden|n3|other|週間|しゅうかん|week,weekly
|hidden|n3|other|宗教|しゅうきょう|religion
|hidden|n3|other|重視|じゅうし|importance,stress,serious consideration
|hidden|n3|other|就職|しゅうしょく|finding employment,inauguration
|hidden|n3|other|修正|しゅうせい|amendment,correction,revision,modification
|hidden|n3|other|渋滞|じゅうたい|congestion (e.g. traffic),delay,stagnation
|hidden|n3|other|重大|じゅうだい|serious,important,grave,weighty
|hidden|n3|other|住宅|じゅうたく|resident,housing
|hidden|n3|other|集団|しゅうだん|group,mass
|hidden|n3|other|集中|しゅうちゅう|concentration,focusing the mind
|hidden|n3|other|収入|しゅうにゅう|income,receipts,revenue
|hidden|n3|other|住民|じゅうみん|citizens,inhabitants,residents,population
|hidden|n3|other|重要|じゅうよう|important, momentous, essential, principal, major
|hidden|n3|other|修理|しゅうり|repairing,mending
|hidden|n3|other|主義|しゅぎ|doctrine,rule,principle
|hidden|n3|other|宿泊|しゅくはく|lodging
|hidden|n3|other|手術|しゅじゅつ|surgical operation
|hidden|n3|other|首相|しゅしょう|Prime Minister
|hidden|n3|other|手段|しゅだん|means,way,measure
|hidden|n3|other|主張|しゅちょう|claim,request,insistence,assertion
|hidden|n3|other|出身|しゅっしん|graduate from,come from
|hidden|n3|other|出席|しゅっせき・する|attendance,presence, to attend
|hidden|n3|other|出発|しゅっぱつ・する|departure, to depart
|hidden|n3|other|出版|しゅっぱん|publication
|hidden|n3|other|首都|しゅと|capital city
|hidden|n3|other|主婦|しゅふ|housewife,
|hidden|n3|other|主要|しゅよう|chief,main,principal,major
|hidden|n3|other|需要|じゅよう|demand,request
|hidden|n3|other|種類|しゅるい|variety,kind,type
|hidden|n3|other|順|じゅん|order,turn
|hidden|n3|other|瞬間|しゅんかん|moment,second,instant
|hidden|n3|other|順調|じゅんちょう|favourable,doing well,O.K.,all right
|hidden|n3|other|順番|じゅんばん|turn (in line),order of things
||n3|noun|準備|じゅんび|preparation,arrangements,provision,reserve|förberedelse,reserver
||n3|verb|準備する|じゅんびする|to prepare|förbereda
||n3|adjective|小|しょう|small|liten
||n3|noun|章|しょう|(1) chapter,section,(2) medal|kapitel,medalj
||n3|noun|賞|しょう|prize,award|pris,belöning
||n3|noun|使用|しよう|use,application,employment,utilization|användning
||n3|noun|上|じょう|(1) first volume,(2) superior quality|första delen,bästa kvalitet
||n3|noun|障害|しょうがい|obstacle,impediment (fault),damage|hinder,skada
16||n3|noun|奨学金|しょうがくきん|scholarship|stipendium
|hidden|n3|other|乗客|じょうきゃく|passenger
|hidden|n3|other|上京|じょうきょう|proceeding to the capital (Tokyo)
|hidden|n3|other|状況|じょうきょう|state of affairs,situation,circumstances
|hidden|n3|other|条件|じょうけん|conditions,terms
|hidden|n3|other|正午|しょうご|noon,mid-day
|hidden|n3|other|正直|しょうじき|honesty,integrity,frankness
|hidden|n3|other|常識|じょうしき|common sense
|hidden|n3|other|少女|しょうじょ|daughter,young lady,virgin,maiden,little girl
|hidden|n3|other|少々|しょうしょう|just a minute,small quantity
|hidden|n3|other|症状|しょうじょう|symptoms,condition
|hidden|n3|other|生じる|しょうじる|to produce,to yield,to result from,to arise,to be generated
|hidden|n3|other|状態|じょうたい|condition,situation,circumstances,state
|hidden|n3|other|招待|しょうたい・する|invitation, to invite
|hidden|n3|other|上達|じょうたつ|improvement,advance,progress
|hidden|n3|other|冗談|じょうだん|jest,joke
|hidden|n3|other|承知|しょうち・する|consent,acceptance,assent,admitting, to consent
|hidden|n3|other|上等|じょうとう|superiority,first class,very good
|hidden|n3|other|衝突|しょうとつ|collision,conflict
|hidden|n3|other|商人|しょうにん|trader,shopkeeper,merchant
|hidden|n3|other|承認|しょうにん|recognition,acknowledgement,approval,consent,agreement
|hidden|n3|other|少年|しょうねん|boys,juveniles
|hidden|n3|other|商売|しょうばい|trade,business,commerce,transaction,occupation
|hidden|n3|other|消費|しょうひ|consumption,expenditure
|hidden|n3|other|商品|しょうひん|commodity,article of commerce,goods,stock,merchandise
|hidden|n3|other|消防|しょうぼう|fire fighting,fire department
|hidden|n3|other|情報|じょうほう|information,(military) intelligence
|hidden|n3|other|証明|しょうめい|proof,verification
|hidden|n3|other|女王|じょおう|queen
|hidden|n3|other|職|しょく|employment
|hidden|n3|other|職業|しょくぎょう|occupation,business
|hidden|n3|other|食事|しょくじ・する|meal, to have a meal
|hidden|n3|other|食卓|しょくたく|dining table
|hidden|n3|other|食品|しょくひん|commodity,foodstuff
|hidden|n3|other|植物|しょくぶつ|plant,vegetation
|hidden|n3|other|食物|しょくもつ|food,foodstuff
|hidden|n3|other|食欲|しょくよく|appetite (for food)
|hidden|n3|other|食料|しょくりょう|food
|hidden|n3|other|食糧|しょくりょう|provisions,rations
|hidden|n3|other|書斎|しょさい|study
|hidden|n3|other|女子|じょし|woman,girl
|hidden|n3|other|助手|じょしゅ|helper,helpmeet,assistant,tutor
|hidden|n3|other|徐々に|じょじょに|slowly,little by little,gradually,steadily,quietly
|hidden|n3|other|署名|しょめい|signature
|hidden|n3|other|書物|しょもつ|books
|hidden|n3|other|女優|じょゆう|actress
|hidden|n3|other|処理|しょり|processing,dealing with,treatment,disposition,disposal
|hidden|n3|other|書類|しょるい|documents,official papers
|hidden|n3|other|知らせ|しらせ|notice
|hidden|n3|other|尻|しり|buttocks,bottom
|hidden|n3|other|印|しるし|(1) mark,(2) symbol,(3) evidence
|hidden|n3|other|城|しろ|castle
|hidden|n3|other|進学|しんがく|going on to a higher level school,
|hidden|n3|other|神経|しんけい|nerve,sensitivity
|hidden|n3|other|真剣|しんけん|seriousness,earnestness
|hidden|n3|other|信仰|しんこう|(religious) faith,belief,creed
|hidden|n3|other|信号|しんごう|traffic lights,signal,semaphore
|hidden|n3|other|人工|じんこう|artificial,manmade,human work,human skill,artificiality
|hidden|n3|other|深刻|しんこく|serious
||n3|noun|診察|しんさつ|medical examination|läkarundersökning
||n3|noun|人種|じんしゅ|race (of people)|människoras
||n3|verb|信じる|しんじる|to believe,to place trust in|tro,lita på
||n3|noun|人生|じんせい|(human) life (i.e. conception to death)|livstid
16||n3|noun|親戚|しんせき|relative|släkting
|hidden|n3|other|新鮮|しんせん|fresh
|hidden|n3|other|心臓|しんぞう|heart (organ)
|hidden|n3|other|身体|しんたい|the body
|hidden|n3|other|身長|しんちょう|height (of body),stature
|hidden|n3|other|慎重|しんちょう|discretion,prudence
|hidden|n3|other|心配|しんぱい・する|worry,concern,anxiety,care, to worry
|hidden|n3|other|審判|しんぱん|refereeing,trial,judgement,umpire,referee
|hidden|n3|other|人物|じんぶつ|character,personality,person,man,personage,talented man
|hidden|n3|other|進歩|しんぽ|progress,development
|hidden|n3|other|親友|しんゆう|close friend,buddy
|hidden|n3|other|信用|しんよう|confidence,dependence,credit,faith
|hidden|n3|other|信頼|しんらい|reliance,trust,confidence
|hidden|n3|other|心理|しんり|pshcyology, mental state
|hidden|n3|other|人類|じんるい|mankind,humanity
|hidden|n3|other|州|す|sandbank
|hidden|n3|other|巣|す|nest,rookery,breeding place,beehive,cobweb
|hidden|n3|other|図|ず|figure (e.g. Fig 1),drawing,picture,illustration
|hidden|n3|other|水準|すいじゅん|(1) level, standard, (2) water level
|hidden|n3|other|推薦|すいせん|recommendation
|hidden|n3|other|随分|ずいぶん|extremely
|hidden|n3|other|睡眠|すいみん|sleep
|hidden|n3|other|数|すう|number,figure
|hidden|n3|other|数字|すうじ|numeral,figure
|hidden|n3|other|末|すえ|the end of,powder
|hidden|n3|other|姿|すがた|figure,shape,appearance
|hidden|n3|other|空く|すく|(1) to open,to become empty,(2) to be less crowded
|hidden|n3|other|救う|すくう|to rescue from,to help out of
|hidden|n3|other|優れる|すぐれる|to surpass,to outstrip,to excel
|hidden|n3|other||すごい|terrible,dreadful,terrific,amazing,great
|hidden|n3|other|少しも|すこしも|anything of,not one bit
|hidden|n3|other|過ごす|すごす|to pass,to spend,to go through,to tide over
|hidden|n3|other|筋|すじ|muscle,string,line
|hidden|n3|other|進める|すすめる|to advance,to promote,to hasten
|hidden|n3|other|勧める|すすめる|to recommend,to advise,to encourage,to offer (wine)
|hidden|n3|other|頭痛|ずつう|headache
|hidden|n3|other||ずっと|consecutively,throughout,a lot
|hidden|n3|other||すてき|lovely,dreamy,beautiful,great
|hidden|n3|other|既に|すでに|already,too late
|hidden|n3|other||すなわち|that is,namely,i.e.
|hidden|n3|other|素晴らしい|すばらしい|wonderful,splendid,magnificent
|hidden|n3|other|全て|すべて|all,the whole,entirely,in general,wholly
|hidden|n3|other|全て|すべて|all,whole,entire,complete,overall,pan
|hidden|n3|other|済ませる|すませる|to be finished
|hidden|n3|other||すみません|sorry,excuse me
|hidden|n3|other|為る|する|to do
|hidden|n3|other|すると|すると|thereupon,hereupon
|hidden|n3|other|鋭い|するどい|pointed,sharp
|hidden|n3|other|背|せい|height,stature
|hidden|n3|other|正|せい|(logical) true,regular
|hidden|n3|other|性|せい|sex,gender
|hidden|n3|other|所為|せい|cause,reason,fault
|hidden|n3|other|税|ぜい|a tax
|hidden|n3|other|性格|せいかく|character,personality
|hidden|n3|other|正確|せいかく|accurate,punctuality,exactness,authenticity,veracity
|hidden|n3|other|世紀|せいき|century,era
|hidden|n3|other|請求|せいきゅう|claim,demand,application,request
|hidden|n3|other|税金|ぜいきん|tax,duty
|hidden|n3|other|清潔|せいけつ|clean
|hidden|n3|other|制限|せいげん|restriction,restraint,limitation
|hidden|n3|other|成功|せいこう|success,hit
|hidden|n3|other|生産|せいさん|production,manufacture
|hidden|n3|other|正式|せいしき|due form,official,formality
|hidden|n3|other|精神|せいしん|mind,soul,heart,spirit,intention
|hidden|n3|other|成人|せいじん|adult
|hidden|n3|other|精々|せいぜい|at the most,at best,to the utmost,as much (far) as possible
|hidden|n3|other|成績|せいせき|results,record
|hidden|n3|other|製造|せいぞう|manufacture,production
|hidden|n3|other|贅沢|ぜいたく|luxury,extravagance
|hidden|n3|other|成長|せいちょう|growth,grow to adulthood
|hidden|n3|other|制度|せいど|system,institution,organization
|hidden|n3|other|青年|せいねん|youth,young man
|hidden|n3|other|製品|せいひん|manufactured goods,finished goods
|hidden|n3|other|政府|せいふ|government,administration
|hidden|n3|other|生物|せいぶつ|raw food
|hidden|n3|other|生命|せいめい|life,existence
|hidden|n3|other|整理|せいり|sorting,arrangement,adjustment,regulation
|hidden|n3|other|咳|せき|cough
|hidden|n3|other|石炭|せきたん|coal
|hidden|n3|other|責任|せきにん|duty,responsibility
|hidden|n3|other|石油|せきゆ|oil,petroleum,kerosene
|hidden|n3|other|世間|せけん|world,society
|hidden|n3|other|説|せつ|theory
|hidden|n3|other|積極的|せっきょくてき|positive,active,proactive
|hidden|n3|other|設計|せっけい|plan,design
|hidden|n3|other|絶対|ぜったい|absolute,unconditional,absoluteness
|hidden|n3|other|設備|せつび|equipment,device,facilities,installation
|hidden|n3|other|絶滅|ぜつめつ|destruction,extinction
|hidden|n3|other|節約|せつやく|economising,saving
|hidden|n3|other|是非|ぜひ|certainly,without fail
|hidden|n3|other|責める|せめる|to condemn,to blame,to criticize
|hidden|n3|other|世話|せわ・する|looking after,help,aid,assistance, to look after
|hidden|n3|other|善|ぜん|good,goodness,right,virtue
|hidden|n3|other|全員|ぜんいん|all members (unanimity),all hands,the whole crew
|hidden|n3|other|専攻|せんこう|major subject,special study
|hidden|n3|other|全国|ぜんこく|country-wide,nation-wide,whole country,national
|hidden|n3|other|先日|せんじつ|the other day,a few days ago
|hidden|n3|other|前者|ぜんしゃ|the former
|hidden|n3|other|選手|せんしゅ|(1) player (in game),(2) team
|hidden|n3|other|前進|ぜんしん|advance,drive,progress
|hidden|n3|other|全然|ぜんぜん|(1) wholly,entirely,completely,(2) not at all (with neg. verb)
|hidden|n3|other|全体|ぜんたい|whole,entirety,whatever (is the matter)
|hidden|n3|other|選択|せんたく|selection,choice
|hidden|n3|other|そう|そう|so
13||n3|other|象|ぞう|elephant|elefant
|hidden|n3|other|騒音|そうおん|noise
|hidden|n3|other|増加|ぞうか|increase,addition
|hidden|n3|other|操作|そうさ|operation,management,processing
|hidden|n3|other|掃除|そうじ/そうじする|cleaning,sweeping, to clean, to sweep
|hidden|n3|other|想像|そうぞう|imagination,guess
|hidden|n3|other|相続|そうぞく|succession,inheritance
|hidden|n3|other|相談|そうだん/そうだんする|consultation,discussion，to consult, to discuss
|hidden|n3|other|装置|そうち|equipment,installation,apparatus
|hidden|n3|other|相当|そうとう|suitable,fair,tolerable,proper
|hidden|n3|other|速度|そくど|speed,velocity,rate
|hidden|n3|other|底|そこ|bottom,sole
|hidden|n3|other||そこで|so (conj),accordingly,now,then,thereupon
|hidden|n3|other|組織|そしき|(1) organization,(2) structure,construction,(3) tissue,(4) system
|hidden|n3|other||そして|and
|hidden|n3|other|注ぐ|そそぐ|to pour (into),to irrigate,to pay,to fill,to feed (e.g. a fire)
|hidden|n3|other|育つ|そだつ|to raise (child),to be brought up,to grow (up)
|hidden|n3|other||そっくり|all,altogether,entirely,be just like,the splitting image of
|hidden|n3|other||そっと|face of the earth
|hidden|n3|other|袖|そで|sleeve
|hidden|n3|other|備える|そなえる|to furnish,to provide for,to equip,to install
|hidden|n3|other|その|その|the,that
|hidden|n3|other||そのうち|eventually,sooner or later,of the previously mentioned
|hidden|n3|other||そのまま|without change,as it is (i.e. now)
|hidden|n3|other|側|そば|side,edge,third person
|hidden|n3|other|粗末|そまつ|crude,rough,plain,humble
|hidden|n3|other||それ|it,that
|hidden|n3|other||それぞれ|each,every,either,respectively,severally
|hidden|n3|other||それでも|but (still),and yet,nevertheless,even so,notwithstanding
|hidden|n3|other||それとも|or,or else
|hidden|n3|other|損|そん|loss,disadvantage
|hidden|n3|other|損害|そんがい|damage,injury,loss
|hidden|n3|other|尊敬|そんけい|respect,esteem,reverence,honour
|hidden|n3|other|存在|そんざい|existence,being
|hidden|n3|other|尊重|そんちょう|respect,esteem,regard
|hidden|n3|other|田|た|rice field
|hidden|n3|other|他|た|other (esp. places and things)
|hidden|n3|other|台|だい|stand,rack,table,support, counter for machine
|hidden|n3|other|題|だい|title,subject,theme,topic
|hidden|n3|other|体育|たいいく|physical education,gymnastics,athletics
|hidden|n3|other|体温|たいおん|temperature (body)
|hidden|n3|other|大会|たいかい|convention,tournament,mass meeting,rally
|hidden|n3|other|大気|たいき|the air, atmosphere
|hidden|n3|other|代金|だいきん|price,payment,cost,charge
|hidden|n3|other|退屈|たいくつ|tedium,boredom
|hidden|n3|other|滞在|たいざい|stay,sojourn
|hidden|n3|other|大使|たいし|ambassador
|hidden|n3|other|大した|たいした|considerable,great,important,significant,a big deal
|hidden|n3|other|対象|たいしょう|target,object (of worship, study, etc),subject (of taxation, etc)
|hidden|n3|other|大臣|だいじん|cabinet minister
|hidden|n3|other|対する|たいする|to face,to confront,to oppose
|hidden|n3|other|大戦|たいせん|great war,great battle
|hidden|n3|other|大抵|たいてい|usually,generally
|hidden|n3|other|態度|たいど|attitude,manner
|hidden|n3|other|大統領|だいとうりょう|president,chief executive
|hidden|n3|other|大半|たいはん|majority,mostly,generally
|hidden|n3|other|代表|だいひょう|representative,representation,delegation,type,example,model
|hidden|n3|other|大部分|だいぶぶん|most part,greater part,majority
|hidden|n3|other|大変|たいへん|awful,dreadful,terrible,very
|hidden|n3|other|逮捕|たいほ|arrest,apprehension,capture
|hidden|n3|other|太陽|たいよう|sun,solar
|hidden|n3|other|平ら|たいら|flatness,level,smooth,calm,plain
|hidden|n3|other|代理|だいり|representation,agency,proxy,deputy,agent
|hidden|n3|other|大陸|たいりく|continent
|hidden|n3|other|倒す|たおす|to throw down,to beat,to bring down,to blow down
|hidden|n3|other|だが|だが|however
|hidden|n3|other|互い|たがい|mutual,reciprocal
|hidden|n3|other|宝|たから|treasure
|hidden|n3|other|だから|だから|so,therefore
|hidden|n3|other|宅|たく|house,home,husband
|hidden|n3|other||だけど|however
|hidden|n3|other|確かめる|たしかめる|to ascertain, confirm
|hidden|n3|other|多少|たしょう|more or less,somewhat,a little,some
|hidden|n3|other|助ける|たすける|to help,to save,to rescue
|hidden|n3|other||ただ|free of charge,
|hidden|n3|other|唯|ただ|mere,sole,only
|hidden|n3|other|戦い|たたかい|battle,fight,struggle,conflict
|hidden|n3|other|戦う|たたかう|to fight,to battle,to combat
|hidden|n3|other|叩く|たたく|to strike,to clap,to dust,to beat
|hidden|n3|other|直ちに|ただちに|at once,immediately,directly,in person
|hidden|n3|other|立ち上がる|たちあがる|to stand up
|hidden|n3|other|立場|たちば|standpoint,position,situation
|hidden|n3|other|経つ|たつ|to pass,to lapse
|hidden|n3|other|達する|たっする|to reach,to get to
|hidden|n3|other|唯|たった|only (use with a word which indicates numbers)
|hidden|n3|other||だって|but,because,even,also,too
|hidden|n3|other||たっぷり|full,in plenty,ample
|hidden|n3|other|縦|たて|length,height
|hidden|n3|other||たとえ|simile,metaphor,allegory
|hidden|n3|other|谷|たに|valley
|hidden|n3|other|他人|たにん|another person,unrelated person,outsider,stranger
|hidden|n3|other|種|たね|(1) seed,(2) material,(3) cause,source
|hidden|n3|other|束|たば|handbreadth,bundle
|hidden|n3|other|度|たび|counter for occurrences
|hidden|n3|other|旅|たび|travel,trip,journey
|hidden|n3|other||たびたび|often,repeatedly,frequently
|hidden|n3|other|多分|たぶん|perhaps,probably
|hidden|n3|other|玉|たま|ball,sphere,coin
|hidden|n3|other|球|たま|globe,sphere,ball
|hidden|n3|other|弾|たま|bullet,shot,shell
|hidden|n3|other|偶々|たまたま|casually,unexpectedly,accidentally,by chance
|hidden|n3|other||たまらない|intolerable, unbearable, unendurable
|hidden|n3|other|黙る|だまる|to be silent
13||n3|adjective|駄目|だめ|useless,no good,hopeless|värdelös,hopplös
|hidden|n3|other|試し|ためし|trial,test
|hidden|n3|other|試す|ためす|to attempt,to test
|hidden|n3|other|便り|たより|news, tidings, information, correspondence, letter
|hidden|n3|other|頼る|たよる|to rely on,to have recourse to,to depend on
|hidden|n3|other|誰か|だれか|someone,somebody
|hidden|n3|other|段|だん|step,stair,flight of steps,grade,rank,level
|hidden|n3|other|単位|たんい|unit,denomination,credit (in school)
|hidden|n3|other|単語|たんご|word,vocabulary,(usually) single-character word
|hidden|n3|other|男子|だんし|a boy, a man, a male
|hidden|n3|other|単純|たんじゅん|simplicity
|hidden|n3|other|誕生|たんじょう|birth
|hidden|n3|other|団体|だんたい|organization,association, a group
|hidden|n3|other|担当|たんとう|(in) charge
|hidden|n3|other|単なる|たんなる|mere,simple,sheer
|hidden|n3|other|単に|たんに|simply,merely,only,solely
|hidden|n3|other|地|ち|earth
|hidden|n3|other|地位|ちい|(social) position,status
|hidden|n3|other|地域|ちいき|area,region
|hidden|n3|other|知恵|ちえ|wisdom, intelligence, advice
|hidden|n3|other|地下|ちか|basement,underground
|hidden|n3|other|違い|ちがい|difference,discrepancy
|hidden|n3|other|違いない|ちがいない|(phrase) sure,no mistaking it,for certain
|hidden|n3|other|近頃|ちかごろ|lately,recently,nowadays
|hidden|n3|other|地球|ちきゅう|the earth
|hidden|n3|other|地区|ちく|district,section,sector
|hidden|n3|other|遅刻|ちこく|lateness,late coming
|hidden|n3|other|知事|ちじ|prefectural governor
|hidden|n3|other|知識|ちしき|knowledge,information
|hidden|n3|other|父親|ちちおや|father
|hidden|n3|other|知能|ちのう|intelligence,brains
|hidden|n3|other|地平線|ちへいせん|horizon
|hidden|n3|other|地方|ちほう|area,locality,district,region,the coast
|hidden|n3|other|茶|ちゃ|tea
|hidden|n3|other||ちゃんと|perfectly,properly,exactly
|hidden|n3|other|中|ちゅう|inside,middle,among
|hidden|n3|other|注|ちゅう|annotation,explanatory note
|hidden|n3|other|中央|ちゅうおう|centre,central,center,middle
|hidden|n3|other|中学|ちゅうがく|middle school,junior high school
|hidden|n3|other|中古|ちゅうこ|(1) used,second-hand,old
|hidden|n3|other|中止|ちゅうし|suspension, stoppage, discontinuance, interruption
|hidden|n3|other|駐車|ちゅうしゃ|parking (e.g. car)
|hidden|n3|other|昼食|ちゅうしょく|lunch,midday meal
|hidden|n3|other|中心|ちゅうしん|center,core,heart,pivot,emphasis,balance
|hidden|n3|other|注目|ちゅうもく|notice,attention,observation
|hidden|n3|other|注文|ちゅうもん|order,request
|hidden|n3|other|長期|ちょうき|long time period
|hidden|n3|other|調査|ちょうさ|investigation,examination,inquiry,survey
|hidden|n3|other|調子|ちょうし|condition, form, shape, tune,tone,key
|hidden|n3|other|頂上|ちょうじょう|top,summit,peak
|hidden|n3|other||ちょうだい|(1) please do for me (preceded by -te),(2) reception,being given,get (spoken)
|hidden|n3|other|貯金|ちょきん|(bank) savings
|hidden|n3|other|直接|ちょくせつ|direct,immediate,personal,firsthand
|hidden|n3|other|著者|ちょしゃ|author,writer
|hidden|n3|other|対|つい|pair,couple,set
|hidden|n3|other|遂に|ついに|finally,at last
|hidden|n3|other|通過|つうか|passage through,passing
|hidden|n3|other|通学|つうがく|commuting to school
|hidden|n3|other|通行|つうこう|passage,passing
|hidden|n3|other|通じる|つうじる|to run to,to lead to,to communicate,to understand
|hidden|n3|other|通信|つうしん|correspondence,communication,news,signal
|hidden|n3|other|捕まる|つかまる|to be caught,to be arrested
|hidden|n3|other|掴む|つかむ|to seize,to catch,to grasp
|hidden|n3|other|疲れ|つかれ|tiredness,fatigue
|hidden|n3|other|月|つき|moon,month
|hidden|n3|other|付き合い|つきあい|association,socializing,fellowship
|hidden|n3|other|次々|つぎつぎ|in succession,one by one
|hidden|n3|other|就く|つく|to take (seat, position),to get (a job)
|hidden|n3|other|注ぐ|つぐ|to pour (into),to irrigate,to pay
|hidden|n3|other|付ける|つける|to attach,to join,to add,to append
|hidden|n3|other|土|つち|earth,soil
|hidden|n3|other|続き|つづき|sequel,continuation
|hidden|n3|other|包み|つつみ|bundle,package,parcel,bale
|hidden|n3|other|勤め|つとめ|(1) service, business, job(2) Buddhist religious services
|hidden|n3|other|務め|つとめ|(1) service,duty,
|hidden|n3|other|繋ぐ|つなぐ|to tie,to fasten,to connect,to transfer (phone call)
|hidden|n3|other|常に|つねに|always,constantly
|hidden|n3|other|角|つの|horn
|hidden|n3|other|翼|つばさ|wings
|hidden|n3|other||つまり|in short,in brief,in other words
|hidden|n3|other|罪|つみ|crime,fault,indiscretion
|hidden|n3|other|詰める|つめる|to pack,to shorten,to work out (details)
|hidden|n3|other|積もる|つもる|to pile up
|hidden|n3|other|梅雨|つゆ|rainy season,rain during the rainy season
|hidden|n3|other|辛い|つらい|painful,heart-breaking
|hidden|n3|other|釣|つり|fishing
|hidden|n3|other|連れ|つれ|companion,company
|hidden|n3|other|出会い|であい|meeting,rendezvous,encounter
|hidden|n3|other|出会う|であう|to meet by chance,to come across,to happen to encounter
|hidden|n3|other|提案|ていあん|proposal,proposition,suggestion
|hidden|n3|other|定期|ていき|fixed term
|hidden|n3|other|抵抗|ていこう|resistance,opposition, electrical resistance,
|hidden|n3|other|提出|ていしゅつ|presentation,submission,filing
|hidden|n3|other|程度|ていど|degree,amount,grade,standard,of the order of (following a number)
|hidden|n3|other|停留所|ていりゅうじょ|bus or tram stop
|hidden|n3|other|敵|てき|enemy,rival
|hidden|n3|other|出来事|できごと|incident,affair,happening,event
|hidden|n3|other|適する|てきする|to fit,to suit
|hidden|n3|other|適切|てきせつ|pertinent,appropriate,adequate,relevance
|hidden|n3|other|適度|てきど|moderate
|hidden|n3|other|適用|てきよう|applying
|hidden|n3|other||できる|to be able to,to be ready,to occur
|hidden|n3|other|出来るだけ|できるだけ|as (much) (soon) as possible
|hidden|n3|other||できれば|if at all possible
|hidden|n3|other|手品|てじな|sleight of hand,conjuring trick,magic,juggling
|hidden|n3|other||ですから|therefore
|hidden|n3|other|鉄|てつ|iron
|hidden|n3|other|哲学|てつがく|philosophy
|hidden|n3|other|手伝い|てつだい|help,helper,assistant
|hidden|n3|other|徹底|てってい|thoroughness,completeness
|hidden|n3|other|鉄道|てつどう|railroad
|hidden|n3|other|徹夜|てつや|all night,all night vigil,sleepless night
|hidden|n3|other|では|では|then, in that case,if so
|hidden|n3|other|手間|てま|time,labour
|hidden|n3|other|でも|でも|but,however
|hidden|n3|other|典型|てんけい|type,pattern,archetypal
|hidden|n3|other|天候|てんこう|weather
|hidden|n3|other|電子|でんし|electron
|hidden|n3|other|伝統|でんとう|tradition,convention
|hidden|n3|other|天然|てんねん|nature,spontaneity
|hidden|n3|other|度|ど|counter for occurrences
|hidden|n3|other|問い|とい|question,query
|hidden|n3|other|党|とう|party (political)
|hidden|n3|other|塔|とう|tower,pagoda
|hidden|n3|other|答案|とうあん|examination paper,examination script
|hidden|n3|other|同一|どういつ|identity,sameness,similarity
|hidden|n3|other|銅貨|どうか|copper coin
|hidden|n3|other|当時|とうじ|at that time,in those days
|hidden|n3|other|動詞|どうし|verb
|hidden|n3|other|同時|どうじ|simultaneous(ly),concurrent,same time,synchronous
|hidden|n3|other||どうしても|by all means,at any cost,no matter what
|hidden|n3|other|到着|とうちゃく|arrival
|hidden|n3|other|道徳|どうとく|morals
|hidden|n3|other|投票|とうひょう|voting,poll
|hidden|n3|other|同様|どうよう|identical,equal to,same (kind),like
|hidden|n3|other|同僚|どうりょう|coworker,colleague,associate
|hidden|n3|other|道路|どうろ|road,highway
|hidden|n3|other|十|とお|10,ten
|hidden|n3|other|通す|とおす|to let pass,to overlook,to continue
|hidden|n3|other|通り|とおり|in accordance with ~,following ~,~ Street,~ Avenue
|hidden|n3|other|通り過ぎる|とおりすぎる|to pass,to pass through
|hidden|n3|other|都会|とかい|city
|hidden|n3|other|時|とき|(1) time,hour,(2) occasion,moment
|hidden|n3|other|解く|とく|to unfasten, to solve
|hidden|n3|other|毒|どく|poison,toxicant
|hidden|n3|other|得意|とくい|pride,triumph,prosperity
|hidden|n3|other|読書|どくしょ|reading
|hidden|n3|other|独身|どくしん|bachelorhood,single,unmarried,celibate
|hidden|n3|other|特徴|とくちょう|distinctive feature,characteristic
|hidden|n3|other|独特|どくとく|peculiarity,uniqueness,characteristic
|hidden|n3|other|独立|どくりつ|independence (e.g. Ind. Day),self-support
|hidden|n3|other|解ける|とける|to come untied,to come apart
|hidden|n3|other||どこか|somewhere,anywhere
|hidden|n3|other||ところが|however,while,even if
|hidden|n3|other||ところで|by the way,even if,no matter what
|hidden|n3|other|登山|とざん|mountain-climbing
|hidden|n3|other|都市|とし|town,city,municipal,urban
|hidden|n3|other|年月|としつき(ねんげつ）|months and years
|hidden|n3|other|図書|としょ|books
|hidden|n3|other|年寄|としより|old people,the aged
|hidden|n3|other|閉じる|とじる|to close (e.g. book, eyes),to shut
|hidden|n3|other|途端|とたん|just (now, at the moment, etc.)
|hidden|n3|other|土地|とち|plot of land,lot,soil
|hidden|n3|other|突然|とつぜん|abruptly,suddenly,unexpectedly,all at once
|hidden|n3|other|届く|とどく|to reach
|hidden|n3|other||とにかく|anyhow,at any rate,anyway,somehow or other,generally speaking,in any case
|hidden|n3|other|飛ばす|とばす|to skip over,to omit
|hidden|n3|other|飛び出す|とびだす|to jump out,to rush out,to fly out
|hidden|n3|other|留める|とめる|to fasten,to turn off,to detain
|hidden|n3|other|友|とも|friend,companion,pal
|hidden|n3|other|共に|ともに|sharing with,participate in
|hidden|n3|other|土曜/土曜日|どよう/どようび|Saturday
|hidden|n3|other|虎|とら|tiger
|hidden|n3|other|取り上げる|とりあげる|to take up,to pick up,to disqualify,to confiscate,to deprive
|hidden|n3|other|努力|どりょく|great effort,exertion,endeavour,effort
|hidden|n3|other|どれ|どれ|which (of three or more)
|hidden|n3|other|取れる|とれる|to come off,to be taken off,to be removed
|hidden|n3|other|泥|どろ|mud
|hidden|n3|other||とんでもない|unexpected,offensive,What a thing to say!,No way!
|hidden|n3|other||どんな|what,what kind of
|hidden|n3|other||どんなに|how,how much
|hidden|n3|other|名|な|name,reputation
|hidden|n3|other|内容|ないよう|subject, contents, substance,
|hidden|n3|other||なお|straight,mischief,ordinary,common
|hidden|n3|other|仲|なか|relation,relationship
|hidden|n3|other|流す|ながす|to drain,to float,to shed (blood, tears),to cruise (e.g. taxi)
|hidden|n3|other||なかなか|very,considerably,easily
|hidden|n3|other|半ば|なかば|middle,half,semi,halfway,partly
|hidden|n3|other|仲間|なかま|company,fellow,colleague,associate
|hidden|n3|other|眺め|ながめ|scene,view,prospect,outlook
|hidden|n3|other|眺める|ながめる|to view,to gaze at
|hidden|n3|other|流れ|ながれ|stream,current
|hidden|n3|other|流れる|ながれる|to stream,to flow,to run (ink),to be washed away
|hidden|n3|other|無し|なし|without
|hidden|n3|other||なぜなら|because
|hidden|n3|other|謎|なぞ|riddle,puzzle,enigma
|hidden|n3|other|納得|なっとく|consent,assent,understanding
|hidden|n3|other|等|など|et cetera,etc.,and the like
|hidden|n3|other|七|なな|seven
|hidden|n3|other|何|なに|what
|hidden|n3|other|何か|なにか|something
|hidden|n3|other||なにも|nothing
|hidden|n3|other|鍋|なべ|saucepan,pot
|hidden|n3|other|生|なま|(1) draft (beer),(2) raw,unprocessed
|hidden|n3|other|生|なま|(1) draft (beer),(2) raw,unprocessed
|hidden|n3|other|怠ける|なまける|to be idle,to neglect
|hidden|n3|other|波|なみ|wave
|hidden|n3|other|涙|なみだ|tear
|hidden|n3|other|悩む|なやむ|to be worried,to be troubled
|hidden|n3|other|為る|なる|to change,to be of use,to reach to
|hidden|n3|other|成る|なる|to become
|hidden|n3|other|縄|なわ|rope,hemp
|hidden|n3|other|何で|なんで|Why?,What for?
|hidden|n3|other|何でも|なんでも|by all means,everything
|hidden|n3|other|何とか|なんとか|somehow,anyhow,one way or another
|hidden|n3|other|似合う|にあう|to suit,to match,to become,to be like
|hidden|n3|other|匂い|におい|odour,scent,smell,stench
|hidden|n3|other|苦手|にがて|poor (at),weak (in),dislike (of)
|hidden|n3|other|握る|にぎる|to grasp,to hold a (thing) in one's hand, grip
|hidden|n3|other|日|にち|sun,sunshine,day
|hidden|n3|other|日常|にちじょう|ordinary,regular,everyday,usual
|hidden|n3|other|日曜|にちよう|Sunday
|hidden|n3|other|日光|にっこう|sunlight
|hidden|n3|other||にっこり|smile sweetly,smile,grin
|hidden|n3|other|日中|にっちゅう|daytime,broad daylight
|hidden|n3|other|日本|にっぽん・にほん|Japan
|hidden|n3|other|入学|にゅうがく|entry to school or university,matriculation
|hidden|n3|other|入場|にゅうじょう|entrance,admission,entering
|hidden|n3|other|人気|にんき|popularity
|hidden|n3|other|人間|にんげん|human being,man,person
|hidden|n3|other|抜く|ぬく|to extract,to omit,to surpass,to draw out,to unplug
|hidden|n3|other|抜ける|ぬける|to come out,to fall out,to be omitted
|hidden|n3|other|布|ぬの|cloth
|hidden|n3|other|濡れる|ぬれる|to get wet
|hidden|n3|other|根|ね|root
|hidden|n3|other|値|ね|value,price,cost,worth,merit
|hidden|n3|other|願い|ねがい|desire,wish,request
|hidden|n3|other|願う|ねがう|to desire,to wish,to request
|hidden|n3|other|鼠|ねずみ|(1) mouse,　rat,
|hidden|n3|other|値段|ねだん|price,cost
|hidden|n3|other|熱心|ねっしん|zeal,enthusiasm
|hidden|n3|other|熱帯|ねったい|tropics
|hidden|n3|other|熱中する|ねっちゅうする|to devote oneself, be devoted to, be crazy about
|hidden|n3|other|年間|ねんかん|year
|hidden|n3|other|年月|ねんげつ|months and years
|hidden|n3|other|年中|ねんじゅう|whole year,always,everyday
|hidden|n3|other|年代|ねんだい|age,era,period,date
|hidden|n3|other|年齢|ねんれい|age,years
|hidden|n3|other|野|の|field
|hidden|n3|other|能|のう|ability, talent, a Noh play
|hidden|n3|other|農家|のうか|farmer,farm family
|hidden|n3|other|農業|のうぎょう|agriculture
|hidden|n3|other|農民|のうみん|farmers,peasants
|hidden|n3|other|能力|のうりょく|ability,faculty
|hidden|n3|other|軒|のき|eaves
|hidden|n3|other|残す|のこす|to leave (behind, over),to bequeath,to save,to reserve
|hidden|n3|other|残り|のこり|remnant,residue,remaining,left-over
|hidden|n3|other|乗せる|のせる|to take on board,to give a ride
|hidden|n3|other|除く|のぞく|to remove,to exclude,to except
|hidden|n3|other|望み|のぞみ|wish,desire,(a) hope
|hidden|n3|other|望む|のぞむ|to desire,to wish for,to see,to command (a view of)
|hidden|n3|other|後|のち|afterwards,since then,in the future
|hidden|n3|other|喉|のど|throat
|hidden|n3|other|伸ばす|のばす|to lengthen,to stretch,to reach out,to grow (beard)
|hidden|n3|other|伸びる|のびる|to stretch,to extend,to make progress,to grow (beard, body height)
|hidden|n3|other|述べる|のべる|to state,to express,to mention
|hidden|n3|other|昇る|のぼる|to arise,to ascend,to go up
|hidden|n3|other||のんびり|carefree,at leisure
|hidden|n3|other|場|ば|place,field (physics)
|hidden|n3|other||はあ|Yes, Uh-huh, I see,
|hidden|n3|other|灰|はい|ash
|hidden|n3|other|梅雨|ばいう|rainy season,rain during the rainy season
|hidden|n3|other|配達|はいたつ|delivery,distribution
|hidden|n3|other|俳優|はいゆう|actor,actress,player,performer
|hidden|n3|other|墓|はか|grave,tomb
|hidden|n3|other|馬鹿|ばか|fool,idiot,trivial matter,folly
|hidden|n3|other|博士|はかせ|doctorate,PhD
|hidden|n3|other|計る|はかる|to measure,to weigh,to survey
|hidden|n3|other|履く|はく|to wear,to put on (lower body)
|hidden|n3|other|吐く|はく|to breathe out, to vomit
|hidden|n3|other|拍手|はくしゅ|clapping hands,applause
|hidden|n3|other|莫大|ばくだい|enormous,vast
|hidden|n3|other|爆発|ばくはつ|explosion,detonation,eruption
|hidden|n3|other|博物館|はくぶつかん|museum
|hidden|n3|other|激しい|はげしい|violent,vehement,intense
|hidden|n3|other||はさみ|scissors
|hidden|n3|other|破産|はさん|(personal) bankruptcy
|hidden|n3|other|端|はし|end (e.g. of street),edge,tip,margin,point
|hidden|n3|other|始まり|はじまり|origin,beginning
|hidden|n3|other|外す|はずす|to unfasten,to remove
|hidden|n3|other|旗|はた|flag
|hidden|n3|other|肌|はだ|skin
|hidden|n3|other|裸|はだか|naked,nude
|hidden|n3|other|畑|はたけ|field
|hidden|n3|other|二十（歳）|はたち|20 years old,
|hidden|n3|other|働き|はたらき|work,labor
|hidden|n3|other|発見|はっけん|discovery,detection,finding
|hidden|n3|other|発行|はっこう|issue (publications)
|hidden|n3|other|発車|はっしゃ|departure of a vehicle
|hidden|n3|other|罰する|ばっする|to punish,to penalize
|hidden|n3|other|発達|はったつ|development,growth
|hidden|n3|other||ばったり|with a clash (thud),with a bang,plump,flop
|hidden|n3|other|発展|はってん|development,growth
15||n3|noun|発表|はっぴょう|announcement,publication|kommuniké
|hidden|n3|other|発明|はつめい|invention
|hidden|n3|other|話し合う|はなしあう|to discuss,to talk together
|hidden|n3|other|離す|はなす|to part,divide,separate
|hidden|n3|other|放す|はなす|to separate,to set free
|hidden|n3|other|離れる|はなれる|to be separated from,to leave,to go away,to be a long way off
|hidden|n3|other|羽|はね|counter for birds,counter for rabbits
|hidden|n3|other|幅|はば|width,breadth
|hidden|n3|other|母親|ははおや|mother
|hidden|n3|other|省く|はぶく|to omit,to eliminate,to curtail,to economize
|hidden|n3|other|場面|ばめん|scene,setting (e.g. of novel)
|hidden|n3|other|腹|はら|abdomen,belly,stomach
|hidden|n3|other|原|はら|field,plain,prairie,tundra,moor,wilderness
|hidden|n3|other|針|はり|needle,hand (e.g. clock)
|hidden|n3|other|張る|はる|to stick,to paste
15||n3|noun|番|ばん|counter for a number,nummer (räknare)
|hidden|n3|other|範囲|はんい|extent,scope,sphere,range
|hidden|n3|other|反抗|はんこう|opposition,resistance
|hidden|n3|other|犯罪|はんざい|crime
|hidden|n3|other|判断|はんだん|judgement,decision
|hidden|n3|other|犯人|はんにん|offender,criminal
|hidden|n3|other|販売|はんばい|sale,selling,marketing
|hidden|n3|other|灯|ひ|light
|hidden|n3|other|被害|ひがい|damage
|hidden|n3|other|比較|ひかく|comparison
|hidden|n3|other|轢く|ひく|to run somebody over (with vehicle),to knock someone down
|hidden|n3|other|悲劇|ひげき|tragedy
|hidden|n3|other|飛行|ひこう|aviation
|hidden|n3|other|膝|ひざ|knee,lap
|hidden|n3|other|非常|ひじょう|emergency,extraordinary,unusual
|hidden|n3|other|美人|びじん|beautiful person (woman)
|hidden|n3|other|額|ひたい|forehead,brow
|hidden|n3|other||びっくり|be surprised,be amazed,be frightened,astonishment
|hidden|n3|other|日付|ひづけ|date,dating
|hidden|n3|other|必死|ひっし|inevitable death,desperation,frantic,inevitable result
|hidden|n3|other||ぴったり|exactly,neatly,sharp
|hidden|n3|other|引っ張る|ひっぱる|(1) to pull,to draw,to stretch,to drag,(2) to pull the ball (baseball)
|hidden|n3|other|否定|ひてい|negation,denial,repudiation
|hidden|n3|other|一言|ひとこと|single word
|hidden|n3|other|人込み|ひとごみ|crowd of people
|hidden|n3|other|等しい|ひとしい|equal
|hidden|n3|other|独り|ひとり|alone,
|hidden|n3|other|一人一人|ひとりひとり|one by one,each,one at a time
|hidden|n3|other|批判|ひはん|criticism,judgement,comment
|hidden|n3|other|批評|ひひょう|criticism,review,commentary
|hidden|n3|other|秘密|ひみつ|secret,secrecy
|hidden|n3|other|微妙|びみょう|delicate,subtle
|hidden|n3|other|紐|ひも|(1) string,cord,(2) pimp
|hidden|n3|other|表|ひょう|table (e.g. Tab 1),chart,list
|hidden|n3|other|費用|ひよう|cost,expense
|hidden|n3|other|秒|びょう|second (60th min)
|hidden|n3|other|評価|ひょうか|valuation,estimation,assessment,evaluation
|hidden|n3|other|表現|ひょうげん|expression,presentation,representation (math)
|hidden|n3|other|表情|ひょうじょう|facial expression
|hidden|n3|other|平等|びょうどう|equality (a),impartiality,evenness
|hidden|n3|other|評判|ひょうばん|fame,reputation,popularity,arrant
|hidden|n3|other|表面|ひょうめん|surface,outside,face,appearance
|hidden|n3|other|広がる|ひろがる|to spread (out),to extend,to stretch,to reach to,to get around
|hidden|n3|other|品|ひん|elegance, grace, dignity,
|hidden|n3|other|瓶|びん|bottle
|hidden|n3|other|便|びん|way,means
|hidden|n3|other|不|ふ|un,non,negative prefix
|hidden|n3|other|無|ぶ|nothing,naught,nil,zero
|hidden|n3|other|分|ぶ|dividing,part
|hidden|n3|other|不安|ふあん|anxiety,uneasiness,insecurity,suspense
|hidden|n3|other|風景|ふうけい|scenery
|hidden|n3|other|夫婦|ふうふ|married couple,husband and wife
|hidden|n3|other|笛|ふえ|flute,pipe
|hidden|n3|other|不可|ふか|wrong,bad,improper,unjustifiable,inadvisable
|hidden|n3|other|武器|ぶき|weapon,arms,ordinance
|hidden|n3|other|服装|ふくそう|dress, clothes
|hidden|n3|other|含む|ふくむ|to hold in the mouth,to bear in mind
|hidden|n3|other|袋|ふくろ|bag,sack
|hidden|n3|other|不幸|ふこう|unhappiness,sorrow,misfortune,disaster,accident,death
|hidden|n3|other|節|ふし|tune,tone,knot,knob,point
|hidden|n3|other|無事|ぶじ|safety,peace,quietness
|hidden|n3|other|不思議|ふしぎ|mystery,curiosity
|hidden|n3|other|不自由|ふじゆう|discomfort,disability,inconvenience,destitution
|hidden|n3|other|夫人|ふじん|wife,Mrs,madam
|hidden|n3|other|婦人|ふじん|woman,female
|hidden|n3|other|不正|ふせい|injustice,unfairness
|hidden|n3|other|防ぐ|ふせぐ|to defend (against),to protect,to prevent
|hidden|n3|other|不足|ふそく|insufficiency,shortage,deficiency,lack,dearth
|hidden|n3|other|舞台|ぶたい|stage (theatre)
|hidden|n3|other|双子|ふたご|twins,a twin
|hidden|n3|other|再び|ふたたび|again,once more,a second time
|hidden|n3|other|普段|ふだん|usually,habitually,ordinarily,always
|hidden|n3|other|縁|ふち|an edge, a brim, a rim,
|hidden|n3|other|打つ|ぶつ|to hit,to strike
13||n3|other|物価|ぶっか|prices of commodities,prices (in general)|konsumentpriser
|hidden|n3|other|物質|ぶっしつ|material,substance
|hidden|n3|other|物理|ぶつり|physics
|hidden|n3|other|筆|ふで|writing brush
|hidden|n3|other||ふと|suddenly,casually,accidentally,incidentally,unexpectedly,unintentionally
|hidden|n3|other|船|ふね|ship,boat,watercraft,shipping,vessel,steamship
|hidden|n3|other|部分|ぶぶん|portion,section,part
|hidden|n3|other|不平|ふへい|complaint,discontent,dissatisfaction
|hidden|n3|other|不満|ふまん|dissatisfaction,displeasure,discontent,complaints,unhappiness
|hidden|n3|other|不利|ふり|disadvantage,handicap,unfavorable,drawback
|hidden|n3|other|振る|ふる|(1) to wave,to shake,to swing,(2) to sprinkle,(3) to cast (actor),to allocate (work)
|hidden|n3|other|震える|ふるえる|to shiver,to shake,to quake
|hidden|n3|other|触れる|ふれる|to touch,to be touched,to touch on a subject,to feel,to violate (law, copyright, etc.),to perceive,t
|hidden|n3|other|風呂|ふろ|bath
|hidden|n3|other|分|ぶん|dividing,part,segment
|hidden|n3|other|文|ぶん|sentence
|hidden|n3|other|雰囲気|ふんいき|atmosphere (e.g. musical),mood,ambience
|hidden|n3|other|分析|ぶんせき|analysis
|hidden|n3|other|文明|ぶんめい|civilization,culture
|hidden|n3|other|分野|ぶんや|field,sphere,realm,division,branch
|hidden|n3|other|塀|へい|wall,fence
|hidden|n3|other|平均|へいきん|equilibrium,balance,average,mean
|hidden|n3|other|平和|へいわ|peace,harmony
|hidden|n3|other|別に|べつに|(not) particularly,nothing
|hidden|n3|other|減らす|へらす|to abate,to decrease,to diminish,to shorten
|hidden|n3|other|減る|へる|to decrease (in size or number),to diminish,to abate
|hidden|n3|other|変化|へんか|goblin,ghost,apparition,bugbear
|hidden|n3|other|勉強/勉強する|べんきょう・する|study, work, to study, to sell (a thing) cheap
|hidden|n3|other|変更|へんこう|change,modification,alteration
|hidden|n3|other|弁当|べんとう|box lunch
|hidden|n3|other|方|ほう|side
|hidden|n3|other|法|ほう|Act (law: the X Act)
|hidden|n3|other|棒|ぼう|pole,rod,stick
|hidden|n3|other|冒険|ぼうけん|risk,venture,adventure
|hidden|n3|other|方向|ほうこう|direction,course,way
|hidden|n3|other|報告|ほうこく|report,information
|hidden|n3|other|宝石|ほうせき|gem,jewel
|hidden|n3|other|放送/放送する|ほうそう・する|broadcast,　broadcasting, to broadcast
|hidden|n3|other|豊富|ほうふ|abundance,wealth,plenty,bounty
|hidden|n3|other|方法|ほうほう|method,manner,way,means,technique
|hidden|n3|other|方々|ほうぼう|persons,this and that,here and there,everywhere
|hidden|n3|other|訪問|ほうもん|call,visit
|hidden|n3|other|吠える|ほえる|to bark,to bay,to howl,to bellow,to roar,to cry
|hidden|n3|other|頬|ほお|cheek (of face)
|hidden|n3|other|他（外）|ほか|some, other place, the rest
|hidden|n3|other|誇り|ほこり|pride
|hidden|n3|other|埃|ほこり|dust
|hidden|n3|other|保証|ほしょう|guarantee, security, assurance, pledge, warranty
|hidden|n3|other|保存|ほぞん|preservation, conservation, storage, maintenance
|hidden|n3|other|程|ほど|degree,extent,bounds,limit
|hidden|n3|other|歩道|ほどう|footpath,walkway,sidewalk
|hidden|n3|other|仏|ほとけ|Buddha,merciful person,Buddhist image,the dead
|hidden|n3|other|骨|ほね|bone
|hidden|n3|other|炎|ほのお|flame
|hidden|n3|other|頬|ほほ|cheek (of face)
|hidden|n3|other||ほぼ|almost,roughly,approximately
|hidden|n3|other|微笑む|ほほえむ|to smile
|hidden|n3|other|褒める|ほめる|to praise,to admire,to speak well
|hidden|n3|other|濠|ほり|moat
|hidden|n3|other|本当|ほんとう・ほんと|truth,reality
|hidden|n3|other|本人|ほんにん|the person himself
|hidden|n3|other|本物|ほんもの|genuine article
|hidden|n3|other||ぼんやり|absent-minded,block-head,dim,faint,vague
|hidden|n3|other|間|ま|space,room,time,pause
|hidden|n3|other||まあ|(female) you might say
|hidden|n3|other||マイク|mike
|hidden|n3|other|迷子|まいご|lost (stray) child
|hidden|n3|other|任せる|まかせる|to entrust to another,to leave to
|hidden|n3|other|幕|まく|curtain,bunting,act (in play)
|hidden|n3|other|負け|まけ|defeat,loss,losing (a game)
|hidden|n3|other|孫|まご|grandchild
|hidden|n3|other||まさか|nonsense, that's impossible,
|hidden|n3|other||まさに|correctly, surely
|hidden|n3|other|真面目|まじめ|diligent,serious,honest
|hidden|n3|other|増す|ます|to increase,to grow
|hidden|n3|other|先ず|まず|first (of all),to start with,about,almost,hardly (with neg. verb)
|hidden|n3|other|貧しい|まずしい|poor, needy
|hidden|n3|other||ますます|increasingly,more and more
|hidden|n3|other|又|また|again,and
|hidden|n3|other|未だ|まだ|yet,still,more,besides
|hidden|n3|other|街|まち|(1) town, city
|hidden|n3|other|間違い|まちがい|mistake
|hidden|n3|other|松|まつ|(1) pine tree,(2) highest (of a three-tier ranking system)
|hidden|n3|other|真っ赤|まっか|deep red,flushed (of face)
|hidden|n3|other|真っ直ぐ|まっすぐ|straight (ahead),direct,upright
|hidden|n3|other|全く|まったく|really,truly,entirely,completely
|hidden|n3|other|祭|まつり|festival,feast
|hidden|n3|other|学ぶ|まなぶ|to study (in depth),to learn,to take lessons in
|hidden|n3|other|真似|まね|mimicry,imitation,behavior,pretense
|hidden|n3|other|招く|まねく|to invite
|hidden|n3|other|豆|まめ|beans,peas
|hidden|n3|other|守る|まもる|to protect,to obey,to guard,to abide (by the rules)
|hidden|n3|other|丸|まる|circle,full (month),perfection,purity,suffix for ship names
|hidden|n3|other|丸い|まるい|round,circular,spherical
|hidden|n3|other||まるで|quite,entirely,completely
|hidden|n3|other|回す|まわす|to turn,to revolve
|hidden|n3|other|回り|まわり|circumference,surroundings,circulation
|hidden|n3|other|万一|まんいち|by any chance
|hidden|n3|other|満足|まんぞく|satisfaction
|hidden|n3|other|身|み|body,main part,oneself,sword
|hidden|n3|other|実|み|fruit,nut,seed,content,good result
|hidden|n3|other|見送り|みおくり|seeing one off,farewell,escort
|hidden|n3|other|味方|みかた|friend,ally,supporter
|hidden|n3|other|見事|みごと|splendid,magnificent,beautiful,admirable
|hidden|n3|other|満ちる|みちる|to be full,to rise (tide),to mature,to expire
|hidden|n3|other|密な|みつな|dense, thick
|hidden|n3|other|認める|みとめる|to recognize,to appreciate,to approve,to admit,to notice
|hidden|n3|other|見舞い|みまい|enquiry,expression of sympathy,expression of concern
|hidden|n3|other|土産|みやげ|present,souvenir
|hidden|n3|other|都|みやこ|capital
|hidden|n3|other|妙|みょう|strange,unusual
|hidden|n3|other|明後日|みょうごにち|day after tomorrow
|hidden|n3|other|未来|みらい|future (life, tense)
|hidden|n3|other|魅力|みりょく|charm,fascination,glamour
|hidden|n3|other|皆|みんな|all,everyone,everybody
|hidden|n3|other|無|む|nothing,naught,nil,zero
|hidden|n3|other|向かい|むかい|facing,opposite,across the street,other side
|hidden|n3|other|迎え|むかえ|meeting,person sent to pick up an arrival
|hidden|n3|other|向く|むく|to face
|hidden|n3|other|向ける|むける|to turn towards,to point
|hidden|n3|other|無視|むし|disregard,ignore
|hidden|n3|other|虫歯|むしば|cavity,tooth decay,decayed tooth,caries
|hidden|n3|other|寧ろ|むしろ|rather,better,instead
|hidden|n3|other|結ぶ|むすぶ|to tie,to bind,to link
|hidden|n3|other|無駄|むだ|futility,uselessness
|hidden|n3|other|夢中|むちゅう|daze,(in a) trance,ecstasy,delirium,engrossment
|hidden|n3|other|胸|むね|breast,chest
|hidden|n3|other|無料|むりょう|free,no charge
|hidden|n3|other|芽|め|sprout
|hidden|n3|other|明確|めいかく|clear up,clarify,define
|hidden|n3|other|命じる|めいじる|to order,to command,to appoint
|hidden|n3|other|名人|めいじん|master,expert
|hidden|n3|other|命令|めいれい|order,command,decree,directive,(software) instruction
|hidden|n3|other|迷惑|めいわく|trouble,bother,annoyance
|hidden|n3|other|飯|めし|(sl) meals,food
|hidden|n3|other|滅多に|めったに|rarely (with neg. verb),seldom
|hidden|n3|other|面|めん|a mask, the face, the surface, an aspect, a side,
|hidden|n3|other|綿|めん|cotton,padding
|hidden|n3|other|免許|めんきょ|license,permit,licence,certificate
|hidden|n3|other|面倒|めんどう|trouble,difficulty,care,attention
|hidden|n3|other|申し込む|もうしこむ|to apply for,to make an application
|hidden|n3|other|申し訳|もうしわけ|apology,excuse
|hidden|n3|other|毛布|もうふ|blanket
|hidden|n3|other|燃える|もえる|to burn
|hidden|n3|other|目的|もくてき|purpose,goal,aim,objective,intention
|hidden|n3|other|目標|もくひょう|mark,objective,target
|hidden|n3|other|木曜/木曜日|もくよう/もくようび|Thursday
|hidden|n3|other|文字|もじ|letter (of alphabet),character
|hidden|n3|other||もしも|if
|hidden|n3|other|持ち上げる|もちあげる|to raise,to lift up,to flatter
|hidden|n3|other|用いる|もちいる|to use,to make use of
|hidden|n3|other|勿論|もちろん|of course,certainly,naturally
|hidden|n3|other|最も|もっとも|most,extremely
|hidden|n3|other|尤も|もっとも|quite right,plausible,natural,but then,although
|hidden|n3|other|元|もと|(1) origin,original,(2) former
|hidden|n3|other|基|もと|basis
|hidden|n3|other|戻す|もどす|to restore,to put back,to return
|hidden|n3|other|基づく|もとづく|to be grounded on,to be based on,to be due to,to originate from
|hidden|n3|other|求める|もとめる|to seek,to request,to demand,to want,to wish for,to search for,to pursue (pleasure),to hunt (a job),
|hidden|n3|other|者|もの|person
|hidden|n3|other|物音|ものおと|sounds
|hidden|n3|other|物語|ものがたり|tale,story,legend
|hidden|n3|other|物事|ものごと|things,everything
|hidden|n3|other|模様|もよう|pattern,figure,design
|hidden|n3|other|貰う|もらう|to receive
|hidden|n3|other|文句|もんく|phrase,complaint
|hidden|n3|other|文字|もんじ|letter (of alphabet),character
|hidden|n3|other||やがて|before long,soon,at length
|hidden|n3|other|役|やく|use,service,role,position
|hidden|n3|other|約|やく|approximately,about,some
|hidden|n3|other|訳|やく|translation, a version
|hidden|n3|other|役割|やくわり|part,assigning (allotment of) parts,role,duties
|hidden|n3|other|家賃|やちん|rent
|hidden|n3|other|厄介|やっかい|trouble,burden,care,bother
|hidden|n3|other|宿|やど|inn,lodging
|hidden|n3|other|雇う|やとう|to employ,to hire
|hidden|n3|other|屋根|やね|roof
|hidden|n3|other||やはり|also,as I thought,still,in spite of,absolutely,of course
|hidden|n3|other|破る|やぶる|to tear,to violate,to defeat,to smash,to destroy
|hidden|n3|other|辞める|やめる|to retire
|hidden|n3|other||やや|a little,partially,somewhat,a short time,a while
|hidden|n3|other|唯一|ゆいいつ|only,sole,unique
|hidden|n3|other|言う|ゆう|to say
|hidden|n3|other|勇気|ゆうき|courage,bravery,valour,nerve,boldness
|hidden|n3|other|有効|ゆうこう|validity,availability,effectiveness
|hidden|n3|other|優秀|ゆうしゅう|superiority,excellence
|hidden|n3|other|優勝|ゆうしょう|overall victory,championship
|hidden|n3|other|友情|ゆうじょう|friendship,fellowship
|hidden|n3|other|友人|ゆうじん|friend
|hidden|n3|other|有能|ゆうのう|able,capable,efficient,skill
|hidden|n3|other|郵便|ゆうびん|mail,postal service
|hidden|n3|other|夕べ|ゆうべ|evening
|hidden|n3|other|有利|ゆうり|advantageous,better,profitable,lucrative
|hidden|n3|other|床|ゆか|floor
|hidden|n3|other|愉快|ゆかい|pleasant,happy
|hidden|n3|other|輸出|ゆしゅつ・する|export, to export
|hidden|n3|other|譲る|ゆずる|to turn over,to assign,to hand over
|hidden|n3|other|豊か|ゆたか|abundant,wealthy,plentiful,rich
|hidden|n3|other||ゆっくり/と|slowly,at ease
|hidden|n3|other|輸入|ゆにゅう・する|importation,import,introduction, to import
|hidden|n3|other|許す|ゆるす|to permit, to allow, to approve, to forgive
|hidden|n3|other|夜|よ|evening,night
|hidden|n3|other|夜明け|よあけ|dawn,daybreak
|hidden|n3|other||よい|good,nice,pleasant,ok
|hidden|n3|other|様|よう|way,manner,kind
|hidden|n3|other|酔う|よう|to get drunk,to become intoxicated
|hidden|n3|other|容易|ようい|easy,simple,plain
|hidden|n3|other|陽気な|ようき|cheerful, lively, merry
|hidden|n3|other|要求|ようきゅう|request,demand,requisition
|hidden|n3|other|用心|ようじん|care,precaution,guarding,caution
|hidden|n3|other|様子|ようす|aspect,state,appearance
|hidden|n3|other|要するに|ようするに|in a word,after all,the point is ..,in short ..
|hidden|n3|other|要素|ようそ|element
|hidden|n3|other|要点|ようてん|gist,main point
|hidden|n3|other|曜日|ようび|day of the week
|hidden|n3|other|予期|よき|expectation,assume will happen,forecast
|hidden|n3|other|横切る|よこぎる|to cross (e.g. arms),to traverse
|hidden|n3|other|予算|よさん|estimate,budget
|hidden|n3|other|止す|よす|to cease,to abolish,to resign,to give up
|hidden|n3|other|予測|よそく|prediction,estimation
|hidden|n3|other|夜中|よなか|midnight,dead of night
|hidden|n3|other|世の中|よのなか|society,the world,the times
|hidden|n3|other|余分|よぶん|extra,excess,surplus
|hidden|n3|other|予報|よほう|forecast,prediction
|hidden|n3|other|予防|よぼう|prevention,precaution,protection against
|hidden|n3|other|読み|よみ|reading
|hidden|n3|other|嫁|よめ|bride,daughter-in-law
|hidden|n3|other|余裕|よゆう|surplus,composure,margin,room,time,allowance,scope,rope
|hidden|n3|other||よると|according to
|hidden|n3|other|喜び|よろこび|(a) joy,(a) delight,rapture,pleasure,gratification,rejoicing,congratulations,felicitations
|hidden|n3|other|宜しい|よろしい|(hon) good,OK,all right,fine,very well,will do,may,can
|hidden|n3|other||よろしく|well,properly,suitably,best regards,please remember me
|hidden|n3|other|四|よん|four
|hidden|n3|other|来|らい|,for (10 days),next (year)
|hidden|n3|other|楽|らく|comfort,ease
|hidden|n3|other|利益|りえき|profits,gains,(political, economic) interest
|hidden|n3|other|理解|りかい|understanding,comprehension
|hidden|n3|other|陸|りく|(the) land
|hidden|n3|other|利口|りこう|clever,shrewd,bright,sharp,wise,intelligent
|hidden|n3|other|離婚|りこん|divorce
|hidden|n3|other|理想|りそう|ideal
|hidden|n3|other|率|りつ|rate,ratio,proportion,percentage
|hidden|n3|other|立派|りっぱ|splendid,fine,handsome,elegant,imposing,prominent,legal,legitimate
|hidden|n3|other|留学|りゅうがく|studying abroad
|hidden|n3|other|流行|りゅうこう|fashionable,fad,in vogue,prevailing
|hidden|n3|other|量|りょう|quantity,amount,volume,portion (of food)
|hidden|n3|other|両替|りょうがえ|change,money exchange
|hidden|n3|other|料金|りょうきん|fee,charge,fare
|hidden|n3|other|例|れい|instance,example,case
|hidden|n3|other|礼|れい|expression of gratitude
|hidden|n3|other|礼儀|れいぎ|manners,courtesy,etiquette
|hidden|n3|other|冷静|れいせい|calm,composure,coolness,serenity
|hidden|n3|other|列|れつ|queue,line,row
|hidden|n3|other|列車|れっしゃ|train (ordinary)
|hidden|n3|other|練習|れんしゅう・する|practice, to practice
|hidden|n3|other|連想|れんそう|association (of ideas),suggestion
|hidden|n3|other|連続|れんぞく|serial,consecutive,continuity,continuing
|hidden|n3|other|老人|ろうじん|the aged,old person
|hidden|n3|other|労働|ろうどう|manual labor,toil,work
|hidden|n3|other|論じる|ろんじる|to argue,to discuss,to debate
|hidden|n3|other|論争|ろんそう|controversy,dispute
|hidden|n3|other|論文|ろんぶん|thesis,essay,treatise,paper
|hidden|n3|other|輪|わ|ring,hoop,circle
|hidden|n3|other||わがまま|selfishness, wilfulness, whim
|hidden|n3|other|別れ|わかれ|parting,separation,farewell
|hidden|n3|other|脇|わき|side
|hidden|n3|other|分ける|わける|to divide,to separate
|hidden|n3|other||わざと|on purpose
|hidden|n3|other|僅か|わずか|only,merely,a little,small quantity
|hidden|n3|other|綿|わた|cotton,padding
|hidden|n3|other|話題|わだい|topic,subject
|hidden|n3|other|笑い|わらい|laugh,laughter,smile
|hidden|n3|other|割る|わる|to divide,to cut,to break,to halve
|hidden|n3|other|悪口|わるくち|abuse,insult,slander,evil speaking
|hidden|n3|other|我々|われわれ|we
|hidden|n3|other|湾|わん|bay,gulf,inlet
|hidden|n3|other||アイスクリーム|ice cream
|hidden|n3|other||アイロン|(electric) iron
|hidden|n3|other||アウト|out
|hidden|n3|other||アルバム|album
|hidden|n3|other||インク|ink
|hidden|n3|other||ウイスキー|whisky
|hidden|n3|other||エネルギー|(n) energy (de: Energie)
|hidden|n3|other||エンジン|engine
|hidden|n3|other||オーバー|(1) overcoat,(2) over
|hidden|n3|other||オフィス|office
|hidden|n3|other||カー|car
|hidden|n3|other||カード|card,curd
|hidden|n3|other||キャプテン|captain
|hidden|n3|other||キャンプ|camp
|hidden|n3|other||クラシック|classic(s)
|hidden|n3|other||グラス|(1) glass,(2) grass
|hidden|n3|other||グランド|gland,grand,(electrical) ground
|hidden|n3|other||クリーム|cream
|hidden|n3|other||クリスマス|Christmas
|hidden|n3|other||グループ|group
|hidden|n3|other||ケース|case
|hidden|n3|other||ゲーム|game
|hidden|n3|other||コーチ|coach
|hidden|n3|other||コード|code,cord,chord
|hidden|n3|other||ゴール|goal
|hidden|n3|other||コピー|(1) a (photo)copy,(2) blurb on a book jacket
|hidden|n3|other||コンピューター|computer
|hidden|n3|other||サービス|(1) service,support system,(2) goods or services without charge
|hidden|n3|other||サイン|(1) autograph,(2) sign,(3) sine
|hidden|n3|other||ジーンズ|jeans
|hidden|n3|other|ジェット機|ジェットき|jet aeroplane
|hidden|n3|other||ジュース|juice,soft drink,deuce
|hidden|n3|other||スイッチ|switch
|hidden|n3|other||スープ|(Western) soup
|hidden|n3|other||スキー|skiing
|hidden|n3|other||スケート|skate(s),skating
|hidden|n3|other||スター|star
|hidden|n3|other||スタイル|style
|hidden|n3|other||スタンド|stand
|hidden|n3|other||スピーチ|speech
|hidden|n3|other||セット|set
|hidden|n3|other||センター|a center
|hidden|n3|other||ソファー|sofa,couch
|hidden|n3|other||タイプライター|typewriter
|hidden|n3|other||ダイヤ|(1) diagram,(2) (railway) schedule,(3) diamond
|hidden|n3|other||タオル|towel
|hidden|n3|other||ダンス|dance
|hidden|n3|other||チーズ|cheese
|hidden|n3|other||チーム|team
|hidden|n3|other||チャンス|chance,opportunity
|hidden|n3|other||デート|date,go on a date
|hidden|n3|other||デモ|(abbr) demo,demonstration
|hidden|n3|other||テント|tent
|hidden|n3|other||トップ|top
|hidden|n3|other||ドライブ|drive,trip by car,driving
|hidden|n3|other||トラック|(1) truck,(2) (running) track
|hidden|n3|other||ドラマ|drama
|hidden|n3|other||トランプ|playing cards (lit: trump)
|hidden|n3|other||ドレス|dress
|hidden|n3|other||トン|ton
|hidden|n3|other||トンネル|tunnel
|hidden|n3|other||ノー|no
|hidden|n3|other||ノック|(1) knock,(2) fungo (baseball)
|hidden|n3|other||パーセント|percent
13||n3|other||バイオリン|violin|fiol
|hidden|n3|other||ハイキング|hiking
|hidden|n3|other||パイプ|(1) pipe,tube,(2) channels, official or otherwise
|hidden|n3|other||パイロット|pilot
|hidden|n3|other||パス|path,pass (in games)
|hidden|n3|other||パスポート|passport
|hidden|n3|other||バッグ|bag,
|hidden|n3|other||バン|bun,van (caravan),VAN (value-added network)
|hidden|n3|other||ハンサム|handsome
|hidden|n3|other||ビール|beer
|hidden|n3|other||ピクニック|picnic
|hidden|n3|other||ビデオ|video
|hidden|n3|other||ピン|pin
|hidden|n3|other||プラス|plus
|hidden|n3|other||プラン|plan
|hidden|n3|other||ブレーキ|a brake
|hidden|n3|other||プロ|professional
|hidden|n3|other||ベルト|Belt for western clothes
|hidden|n3|other||ペンキ|(n) paint (nl: pek)
|hidden|n3|other||ベンチ|bench
|hidden|n3|other||ボーイ|boy
|hidden|n3|other||ボート|rowing boat
|hidden|n3|other||ホーム|(1) platform,(2) home
|hidden|n3|other||ボール|ball,bowl
|hidden|n3|other||マーケット|market
|hidden|n3|other||マイク|mike
|hidden|n3|other||マスター|proprietor,manager,barowner,master (e.g. arts, science)
|hidden|n3|other||ママ|Mama
|hidden|n3|other||ミス|miss (mistake, error, failure),Miss
|hidden|n3|other||ミルク|milk
|hidden|n3|other||メモ|memorandum
|hidden|n3|other||メンバー|member
|hidden|n3|other||ユーモア|humor
|hidden|n3|other||ヨーロッパ|Europe
|hidden|n3|other||ヨット|yacht
|hidden|n3|other||ライター|lighter,rider,writer
|hidden|n3|other||ラケット|racket, paddle,
|hidden|n3|other||レポート|report,paper
|hidden|n3|other||ロケット|locket,rocket
|hidden|n3|other||ワイン|wine